msk_mth_since_last_limit_review,msk_age,msk_bank_tenor,target
19.0,57.5,423.0,0
3.0,58.5,100.0,0
2.0,29.0,117.0,0
47.0,49.0,412.0,0
48.0,54.0,416.0,0
7.0,43.0,245.0,0
24.0,52.0,378.0,0
19.0,62.5,427.0,0
160.0,41.5,273.0,0
13.0,28.0,83.0,0
14.0,29.0,155.0,0
4.0,38.0,261.0,0
19.0,39.0,268.0,1
0.0,39.5,254.0,0
2.0,40.5,309.0,0
30.0,66.0,327.0,0
16.0,35.0,34.0,0
0.0,36.5,289.0,1
1.0,29.0,113.0,1
22.0,52.5,384.0,0
10.0,44.0,247.0,0
19.0,45.0,39.0,0
0.0,67.0,280.0,0
11.0,52.5,312.0,0
19.0,41.0,337.0,0
22.0,41.0,237.0,0
10.0,35.0,223.0,0
2.0,38.0,200.0,0
96.0,32.0,150.0,0
35.0,24.5,67.0,0
22.0,34.0,195.0,0
28.0,37.0,251.0,0
39.0,51.0,112.0,0
46.0,37.5,293.0,0
0.0,52.0,350.0,1
19.0,41.0,234.0,0
23.0,75.0,306.0,0
96.0,49.0,373.0,0
18.0,33.0,245.0,0
49.0,51.0,264.0,0
96.0,48.0,212.0,0
6.0,36.0,120.0,0
11.0,63.5,72.0,0
6.0,36.0,194.0,0
16.0,35.0,17.0,0
43.0,53.0,350.0,0
10.0,30.0,26.0,0
19.0,29.0,148.0,0
33.0,43.5,152.0,0
21.0,50.0,352.0,1
20.0,50.5,211.0,0
13.0,33.0,161.0,0
70.0,36.0,230.0,0
19.0,54.0,247.0,0
100.0,46.0,357.0,0
42.0,63.5,347.0,0
13.0,55.0,216.0,0
15.0,51.0,177.0,0
11.0,38.0,242.0,0
27.0,40.0,75.0,1
47.0,31.5,128.0,0
47.0,55.0,205.0,0
19.0,22.0,85.0,0
12.0,34.0,165.0,1
17.0,49.0,112.0,0
72.0,39.5,327.0,1
13.0,31.0,149.0,0
52.0,61.5,59.0,0
102.0,52.0,303.0,0
22.0,43.0,222.0,0
24.0,30.0,112.0,0
42.0,40.0,246.0,0
17.0,48.0,382.0,0
78.0,63.0,368.0,0
32.0,30.0,149.0,0
77.0,37.0,235.0,0
17.0,30.0,132.0,0
26.0,66.5,322.0,0
0.0,54.5,390.0,0
30.0,42.5,225.0,0
67.0,50.0,350.0,0
4.0,57.5,384.0,0
2.0,25.0,24.0,0
39.0,54.0,354.0,0
19.0,33.5,203.0,0
181.0,54.0,309.0,0
125.0,58.0,280.0,0
16.0,28.0,124.0,0
14.0,34.5,276.0,0
75.0,42.5,321.0,0
26.0,50.0,420.0,0
34.0,29.0,198.0,0
22.0,59.5,368.0,0
75.0,45.0,307.0,0
10.0,65.0,288.0,0
0.0,64.5,285.0,0
62.0,42.0,296.0,0
5.0,33.5,121.0,1
25.0,36.5,231.0,0
169.0,42.5,239.0,0
4.0,42.0,319.0,0
19.0,41.0,307.0,1
35.0,48.0,267.0,0
4.0,43.5,295.0,0
18.0,71.0,349.0,0
8.0,40.5,297.0,1
10.0,56.0,377.0,0
21.0,44.0,322.0,0
121.0,47.0,305.0,0
23.0,45.5,229.0,0
7.0,30.5,70.0,0
19.0,46.0,203.0,0
2.0,26.0,108.0,0
59.0,34.0,264.0,0
33.0,44.0,344.0,0
19.0,38.0,255.0,0
4.0,38.0,247.0,0
17.0,37.5,293.0,0
0.0,53.0,227.0,0
45.0,31.5,139.0,0
0.0,33.5,241.0,0
68.0,30.0,94.0,0
60.0,45.0,275.0,0
146.0,34.5,283.0,0
9.0,32.0,182.0,0
21.0,34.0,239.0,0
3.0,45.0,244.0,0
51.0,51.0,308.0,0
0.0,48.0,369.0,0
3.0,38.5,182.0,0
9.0,33.0,208.0,0
84.0,56.0,323.0,0
4.0,66.0,283.0,0
4.0,38.0,231.0,0
19.0,36.0,78.0,0
3.0,55.0,331.0,0
12.0,61.0,448.0,0
31.0,34.0,111.0,0
19.0,41.5,297.0,0
2.0,39.0,257.0,0
3.0,26.0,124.0,0
1.0,46.0,370.0,0
19.0,33.0,42.0,1
19.0,50.0,325.0,0
27.0,53.0,417.0,0
46.0,71.0,346.0,0
55.0,74.0,322.0,0
6.0,59.0,253.0,0
13.0,38.5,277.0,0
12.0,33.0,197.0,0
30.0,38.0,273.0,0
31.0,33.0,148.0,0
19.0,26.0,19.0,0
19.0,41.0,265.0,0
28.0,28.0,72.0,0
15.0,47.0,59.0,0
1.0,48.5,287.0,0
16.0,38.0,146.0,0
108.0,65.0,302.0,0
28.0,43.0,321.0,0
7.0,42.0,289.0,0
4.0,36.0,217.0,0
6.0,57.5,354.0,0
61.0,54.5,363.0,0
0.0,39.0,307.0,0
60.0,48.0,64.0,0
40.0,57.0,285.0,0
44.0,56.5,372.0,0
21.0,52.0,406.0,0
2.0,39.0,327.0,0
29.0,29.0,196.0,0
60.0,41.0,344.0,0
0.0,36.0,263.0,0
0.0,54.5,160.0,0
33.0,30.5,119.0,0
11.0,20.5,61.0,0
46.0,33.0,85.0,0
169.0,62.5,302.0,0
48.0,45.0,318.0,0
1.0,50.0,347.0,0
4.0,56.0,389.0,0
8.0,28.5,116.0,0
39.0,55.0,309.0,0
77.0,65.0,369.0,0
8.0,34.0,26.0,0
6.0,67.5,362.0,0
56.0,35.0,101.0,0
62.0,59.0,205.0,0
14.0,39.0,321.0,0
19.0,30.0,119.0,0
23.0,60.0,323.0,0
45.0,35.0,155.0,0
3.0,37.0,219.0,0
14.0,42.0,285.0,0
14.0,53.0,317.0,0
19.0,51.5,296.0,1
19.0,49.0,396.0,0
4.0,40.0,141.0,0
48.0,50.5,378.0,0
116.0,36.5,262.0,0
190.0,51.0,312.0,0
56.0,43.0,234.0,0
16.0,33.5,238.0,0
19.0,57.0,269.0,0
23.0,47.0,161.0,0
46.0,53.0,281.0,0
24.0,24.0,58.0,0
19.0,48.0,258.0,0
56.0,34.5,186.0,0
45.0,33.5,176.0,0
0.0,41.0,175.0,0
9.0,40.0,270.0,0
11.0,49.5,148.0,0
27.0,54.0,375.0,0
21.0,38.0,232.0,0
0.0,40.0,64.0,0
15.0,34.5,195.0,0
21.0,47.5,232.0,0
19.0,55.5,293.0,0
71.0,51.5,346.0,0
19.0,29.0,139.0,0
4.0,67.0,433.0,0
19.0,28.5,118.0,0
20.0,25.5,151.0,0
19.0,54.0,303.0,0
18.0,40.5,261.0,0
19.0,60.5,157.0,0
11.0,38.0,15.0,0
55.0,43.0,333.0,0
13.0,28.5,150.0,0
29.0,43.5,336.0,0
1.0,54.0,129.0,0
8.0,41.5,26.0,0
20.0,40.5,173.0,0
40.0,48.0,173.0,0
1.0,59.5,351.0,0
46.0,33.5,211.0,0
52.0,33.0,201.0,0
9.0,46.5,306.0,0
67.0,42.0,262.0,0
5.0,27.5,134.0,0
34.0,57.0,315.0,1
33.0,34.0,198.0,0
3.0,41.5,276.0,0
17.0,38.0,99.0,0
4.0,63.0,236.0,0
19.0,33.0,117.0,0
68.0,39.0,256.0,0
48.0,35.5,52.0,1
46.0,43.0,289.0,0
15.0,62.5,368.0,0
0.0,37.0,131.0,0
29.0,55.0,397.0,0
66.0,34.0,196.0,0
45.0,43.0,309.0,0
56.0,51.0,389.0,0
19.0,57.0,116.0,0
18.0,35.5,235.0,0
28.0,26.0,45.0,0
30.0,36.0,235.0,0
0.0,37.0,236.0,1
11.0,29.0,46.0,0
17.0,51.0,73.0,0
1.0,60.0,329.0,0
0.0,40.5,260.0,0
1.0,34.5,254.0,0
25.0,56.5,308.0,0
16.0,35.5,269.0,0
15.0,47.0,333.0,0
5.0,51.0,209.0,0
11.0,32.0,85.0,0
7.0,31.0,145.0,0
50.0,36.0,234.0,0
3.0,57.0,414.0,0
1.0,44.0,386.0,0
18.0,30.0,150.0,1
14.0,63.0,400.0,0
6.0,43.0,73.0,0
9.0,30.5,43.0,0
2.0,32.0,214.0,0
9.0,37.0,257.0,0
33.0,41.0,284.0,0
3.0,36.5,89.0,0
3.0,27.0,10.0,0
2.0,32.0,186.0,0
15.0,35.0,199.0,0
19.0,49.0,252.0,0
15.0,47.0,277.0,0
11.0,26.0,161.0,0
10.0,30.0,209.0,0
46.0,54.0,422.0,0
9.0,32.5,165.0,0
16.0,45.5,58.0,0
13.0,42.0,322.0,0
18.0,49.0,340.0,0
59.0,31.0,222.0,0
13.0,25.0,153.0,0
178.0,65.0,183.0,0
50.0,47.5,256.0,0
1.0,39.5,283.0,0
65.0,28.5,146.0,0
91.0,53.0,343.0,0
24.0,66.0,373.0,0
2.0,51.5,292.0,0
54.0,36.0,228.0,0
99.0,61.5,439.0,0
74.0,53.5,116.0,0
9.0,60.0,129.0,0
88.0,54.0,324.0,0
57.0,54.0,237.0,0
87.0,60.5,322.0,0
11.0,26.0,159.0,0
24.0,25.5,67.0,0
67.0,51.5,347.0,0
16.0,34.0,259.0,0
24.0,48.0,264.0,0
108.0,46.0,211.0,0
51.0,40.5,399.0,0
1.0,37.5,6.0,0
74.0,58.0,256.0,0
19.0,50.5,364.0,0
56.0,65.5,349.0,0
64.0,56.0,244.0,0
114.0,47.0,276.0,0
32.0,58.0,64.0,0
15.0,31.0,113.0,0
54.0,40.5,132.0,0
80.0,31.0,84.0,0
32.0,53.0,206.0,0
61.0,56.5,379.0,0
2.0,35.0,167.0,0
19.0,57.5,298.0,0
54.0,69.5,322.0,0
19.0,35.0,197.0,0
19.0,59.0,362.0,0
6.0,59.5,18.0,0
19.0,58.0,321.0,0
19.0,59.0,291.0,0
21.0,31.0,227.0,0
13.0,36.5,265.0,0
9.0,59.5,423.0,0
1.0,37.5,260.0,0
56.0,58.5,277.0,0
4.0,33.5,171.0,0
64.0,63.0,295.0,0
12.0,57.0,278.0,0
27.0,57.0,50.0,0
0.0,66.0,320.0,0
14.0,40.0,293.0,0
34.0,28.0,77.0,0
5.0,47.0,341.0,0
49.0,67.5,182.0,0
51.0,68.0,397.0,0
19.0,81.0,425.0,0
57.0,43.0,152.0,0
56.0,39.0,234.0,0
19.0,51.5,329.0,0
91.0,31.0,187.0,0
10.0,40.0,269.0,0
97.0,40.0,293.0,0
22.0,32.5,197.0,0
48.0,66.0,57.0,0
2.0,37.0,235.0,0
45.0,34.0,114.0,0
0.0,38.0,223.0,1
3.0,27.0,132.0,0
25.0,42.5,32.0,0
123.0,55.0,324.0,0
48.0,42.5,307.0,0
18.0,52.5,339.0,0
129.0,40.5,254.0,0
19.0,29.0,39.0,0
19.0,45.0,281.0,0
60.0,51.5,316.0,0
26.0,40.0,277.0,0
81.0,50.0,273.0,0
4.0,42.5,227.0,0
68.0,46.0,317.0,0
0.0,46.0,290.0,0
5.0,35.0,251.0,0
71.0,45.0,282.0,0
35.0,34.5,122.0,0
1.0,67.0,93.0,0
19.0,28.0,120.0,1
19.0,29.0,109.0,0
31.0,31.0,36.0,0
26.0,56.0,331.0,0
28.0,64.0,181.0,0
76.0,47.5,306.0,0
11.0,53.0,359.0,0
5.0,52.0,54.0,0
145.0,67.0,408.0,0
44.0,64.0,362.0,0
37.0,36.0,221.0,0
0.0,31.0,87.0,0
14.0,33.0,158.0,0
192.0,59.0,427.0,0
19.0,32.0,195.0,1
102.0,54.5,317.0,1
24.0,38.0,86.0,0
22.0,44.5,286.0,0
9.0,42.0,67.0,0
19.0,62.0,332.0,0
9.0,32.0,34.0,0
119.0,38.0,271.0,0
15.0,34.0,194.0,0
155.0,53.0,282.0,0
62.0,30.0,216.0,0
40.0,63.5,310.0,0
0.0,66.0,61.0,0
2.0,22.0,39.0,0
35.0,50.0,226.0,0
125.0,61.5,360.0,0
19.0,43.0,198.0,1
0.0,38.0,210.0,0
2.0,60.0,393.0,0
65.0,49.0,306.0,0
36.0,40.5,99.0,1
13.0,30.0,134.0,0
53.0,40.0,288.0,0
19.0,42.0,320.0,0
2.0,45.0,273.0,0
18.0,47.0,267.0,0
3.0,50.0,256.0,0
67.0,46.0,307.0,0
4.0,47.0,182.0,0
1.0,42.0,44.0,0
11.0,56.0,347.0,1
7.0,72.5,78.0,0
44.0,36.0,248.0,0
27.0,60.0,380.0,0
179.0,51.0,328.0,0
19.0,50.0,221.0,0
0.0,33.0,184.0,0
8.0,34.0,267.0,1
14.0,49.0,127.0,0
11.0,45.5,212.0,1
47.0,47.0,169.0,0
4.0,38.5,258.0,0
20.0,43.0,231.0,0
7.0,62.5,369.0,0
3.0,25.5,72.0,0
0.0,47.0,251.0,0
14.0,57.5,38.0,0
10.0,50.5,358.0,0
14.0,46.0,53.0,0
3.0,32.0,197.0,0
130.0,40.5,301.0,0
2.0,50.0,355.0,0
13.0,48.0,306.0,0
13.0,34.0,195.0,0
157.0,53.0,195.0,0
1.0,29.0,140.0,1
57.0,65.0,347.0,0
30.0,38.0,232.0,0
18.0,25.0,146.0,0
49.0,62.0,420.0,0
1.0,35.0,227.0,0
5.0,40.0,325.0,0
19.0,49.0,394.0,1
102.0,64.0,390.0,0
46.0,36.0,238.0,1
59.0,29.0,79.0,0
22.0,44.0,333.0,0
16.0,35.5,221.0,1
43.0,32.0,231.0,0
50.0,46.0,260.0,0
12.0,44.0,308.0,0
4.0,55.0,288.0,0
16.0,42.5,328.0,0
8.0,51.0,346.0,0
3.0,25.0,68.0,0
128.0,48.0,143.0,0
93.0,43.0,310.0,0
26.0,30.0,80.0,0
66.0,31.0,148.0,0
12.0,42.5,307.0,0
51.0,37.0,257.0,1
49.0,60.5,266.0,0
19.0,26.0,97.0,0
75.0,53.0,397.0,0
5.0,50.5,252.0,0
10.0,41.0,14.0,0
26.0,32.0,196.0,0
5.0,33.0,188.0,0
6.0,30.5,72.0,0
2.0,26.5,122.0,0
2.0,36.5,220.0,0
19.0,35.0,216.0,0
2.0,41.0,375.0,0
4.0,38.0,263.0,0
62.0,63.5,309.0,0
78.0,81.0,445.0,0
2.0,30.0,125.0,0
1.0,25.0,72.0,0
133.0,61.0,407.0,0
58.0,36.0,94.0,0
50.0,41.5,308.0,0
21.0,50.0,283.0,0
13.0,29.0,211.0,0
66.0,62.5,274.0,0
35.0,50.5,272.0,0
4.0,72.0,416.0,0
9.0,41.0,283.0,0
69.0,45.0,314.0,0
5.0,34.0,221.0,0
3.0,41.5,185.0,0
102.0,41.0,226.0,0
12.0,40.0,249.0,0
14.0,35.5,210.0,0
27.0,31.0,157.0,0
50.0,36.5,238.0,0
16.0,47.5,364.0,0
19.0,34.0,109.0,0
14.0,51.0,290.0,0
2.0,27.0,120.0,0
58.0,66.0,288.0,0
19.0,54.5,326.0,0
3.0,42.0,176.0,0
19.0,35.0,196.0,0
8.0,25.5,73.0,0
0.0,60.0,349.0,0
8.0,48.0,16.0,0
34.0,46.0,114.0,0
147.0,60.5,359.0,0
21.0,44.0,282.0,0
65.0,43.0,271.0,0
4.0,40.5,231.0,0
42.0,65.0,44.0,0
19.0,44.0,258.0,0
21.0,37.0,283.0,0
30.0,40.5,196.0,0
19.0,27.0,124.0,0
30.0,43.5,222.0,0
25.0,53.0,91.0,0
69.0,53.0,329.0,1
0.0,37.0,245.0,0
21.0,31.0,135.0,0
65.0,57.5,287.0,0
11.0,39.0,322.0,0
18.0,35.0,99.0,0
0.0,43.0,213.0,0
5.0,51.0,8.0,0
116.0,58.5,206.0,0
11.0,57.5,327.0,0
19.0,44.0,122.0,0
100.0,59.0,297.0,0
1.0,55.0,385.0,0
42.0,52.0,77.0,0
103.0,61.5,344.0,0
8.0,53.0,365.0,0
4.0,30.5,152.0,0
53.0,54.0,326.0,0
1.0,48.5,290.0,0
74.0,47.0,426.0,0
28.0,39.0,284.0,0
2.0,45.5,239.0,1
25.0,63.0,349.0,0
69.0,33.0,153.0,0
4.0,35.0,226.0,0
8.0,34.0,264.0,0
82.0,55.0,325.0,0
45.0,36.5,237.0,0
8.0,37.5,277.0,0
77.0,34.5,220.0,0
8.0,51.5,77.0,0
3.0,37.0,225.0,0
4.0,52.5,274.0,0
34.0,50.0,335.0,0
0.0,36.0,88.0,0
19.0,36.0,106.0,0
9.0,33.0,150.0,0
84.0,50.0,293.0,0
21.0,36.0,22.0,0
5.0,63.0,397.0,0
56.0,57.0,198.0,0
25.0,42.5,286.0,0
18.0,35.5,198.0,1
9.0,52.0,263.0,0
12.0,44.0,256.0,0
11.0,55.0,199.0,0
49.0,33.0,148.0,0
0.0,34.0,222.0,0
0.0,63.0,293.0,0
59.0,47.0,294.0,0
23.0,47.5,334.0,0
19.0,41.5,73.0,0
0.0,40.0,283.0,0
2.0,35.0,201.0,0
19.0,23.0,76.0,0
19.0,61.0,373.0,0
22.0,62.0,434.0,0
1.0,36.5,283.0,0
9.0,43.0,190.0,0
2.0,31.0,213.0,0
19.0,58.0,302.0,0
1.0,33.5,190.0,0
135.0,67.0,302.0,0
19.0,42.5,154.0,1
68.0,59.5,347.0,0
21.0,50.0,318.0,0
26.0,59.0,265.0,0
41.0,40.0,272.0,0
21.0,62.5,453.0,0
51.0,56.0,353.0,0
9.0,45.5,370.0,0
7.0,25.5,98.0,0
19.0,29.5,70.0,0
64.0,73.0,190.0,0
47.0,47.5,305.0,0
151.0,48.5,381.0,0
13.0,44.5,256.0,0
2.0,65.0,389.0,0
6.0,53.0,319.0,0
56.0,43.0,59.0,0
34.0,57.0,372.0,0
61.0,65.5,288.0,0
19.0,44.0,321.0,0
22.0,60.0,195.0,1
58.0,49.5,75.0,0
19.0,52.0,384.0,0
40.0,33.0,182.0,0
32.0,52.0,279.0,0
56.0,44.5,331.0,0
76.0,34.0,249.0,0
3.0,40.5,246.0,0
118.0,56.0,256.0,0
6.0,29.0,12.0,0
56.0,45.0,292.0,0
5.0,21.5,40.0,0
59.0,36.5,270.0,0
22.0,59.0,217.0,0
76.0,45.5,408.0,0
12.0,51.0,305.0,0
39.0,29.0,70.0,0
24.0,34.5,210.0,0
124.0,58.0,322.0,0
100.0,40.0,258.0,0
6.0,41.5,145.0,0
75.0,68.0,209.0,0
48.0,58.0,258.0,0
3.0,25.0,122.0,0
35.0,60.0,354.0,0
19.0,44.0,101.0,0
2.0,37.0,235.0,0
7.0,57.0,83.0,0
13.0,26.0,92.0,0
2.0,29.0,150.0,1
18.0,34.5,70.0,0
2.0,39.0,215.0,0
69.0,38.0,261.0,0
7.0,51.0,361.0,0
23.0,40.5,26.0,0
1.0,33.5,187.0,0
56.0,35.5,219.0,0
16.0,40.5,135.0,0
11.0,42.0,350.0,0
35.0,64.0,330.0,0
10.0,60.0,288.0,0
23.0,46.0,300.0,0
5.0,78.5,298.0,0
3.0,36.0,251.0,0
13.0,53.5,274.0,0
11.0,45.0,295.0,0
6.0,45.5,191.0,0
4.0,47.0,98.0,0
19.0,49.0,161.0,0
19.0,38.0,253.0,0
3.0,35.0,151.0,1
64.0,52.0,226.0,0
9.0,38.0,244.0,0
0.0,38.0,280.0,0
9.0,46.0,269.0,0
7.0,61.0,198.0,0
64.0,46.0,403.0,0
46.0,33.0,209.0,0
22.0,37.0,25.0,0
89.0,45.5,122.0,0
11.0,55.0,112.0,0
1.0,47.0,258.0,0
15.0,63.0,158.0,0
16.0,45.5,130.0,0
24.0,29.5,52.0,0
56.0,49.5,248.0,0
26.0,39.0,262.0,0
30.0,68.0,391.0,0
9.0,59.0,294.0,0
62.0,32.0,193.0,0
0.0,50.5,338.0,0
37.0,32.0,165.0,0
4.0,35.5,287.0,1
23.0,73.0,322.0,0
10.0,48.0,318.0,0
30.0,34.5,207.0,0
12.0,36.0,77.0,0
67.0,45.0,175.0,0
57.0,64.0,437.0,0
37.0,69.0,301.0,0
24.0,33.5,241.0,0
2.0,33.5,209.0,0
19.0,43.0,139.0,0
6.0,33.0,43.0,0
11.0,45.5,395.0,0
13.0,39.5,246.0,0
30.0,32.0,145.0,0
37.0,31.0,153.0,0
19.0,32.0,201.0,1
102.0,53.0,360.0,0
0.0,39.5,247.0,0
133.0,57.0,369.0,0
12.0,47.0,121.0,1
66.0,32.0,199.0,0
48.0,59.0,375.0,0
6.0,46.5,11.0,0
58.0,44.0,328.0,0
8.0,36.0,302.0,0
17.0,33.0,234.0,0
47.0,59.0,238.0,0
8.0,56.0,399.0,1
34.0,52.0,418.0,0
2.0,26.0,74.0,0
10.0,49.5,400.0,0
14.0,33.0,219.0,0
78.0,40.5,258.0,0
48.0,66.0,466.0,0
19.0,53.0,278.0,0
0.0,43.0,191.0,0
12.0,69.0,393.0,0
26.0,37.0,277.0,1
45.0,34.0,216.0,0
2.0,39.0,263.0,0
12.0,55.0,382.0,0
8.0,30.0,160.0,0
19.0,53.0,70.0,0
8.0,41.0,276.0,0
23.0,55.0,427.0,0
13.0,55.0,100.0,0
32.0,39.5,325.0,0
0.0,31.0,97.0,0
19.0,47.5,318.0,0
1.0,55.0,424.0,0
14.0,54.0,254.0,0
30.0,42.0,261.0,1
74.0,62.0,281.0,0
0.0,51.5,290.0,0
92.0,34.0,246.0,0
49.0,66.0,286.0,0
10.0,36.5,167.0,0
38.0,35.0,235.0,0
17.0,31.0,105.0,0
139.0,46.0,239.0,0
131.0,55.0,284.0,0
76.0,48.0,352.0,0
19.0,61.0,376.0,0
19.0,44.0,345.0,0
2.0,57.0,369.0,0
13.0,49.5,212.0,0
175.0,40.0,220.0,0
24.0,56.0,391.0,0
19.0,37.0,258.0,0
99.0,36.0,275.0,0
6.0,64.5,345.0,0
19.0,57.5,360.0,0
7.0,29.5,11.0,0
26.0,42.5,297.0,0
19.0,27.0,114.0,0
3.0,30.5,122.0,0
6.0,50.0,8.0,0
19.0,43.0,75.0,0
18.0,36.5,302.0,0
19.0,24.5,39.0,0
41.0,50.0,373.0,0
4.0,36.5,220.0,0
49.0,34.0,235.0,0
12.0,46.0,293.0,0
25.0,37.0,134.0,1
17.0,50.0,238.0,0
29.0,38.0,284.0,0
27.0,64.0,362.0,0
49.0,56.5,347.0,0
62.0,41.0,307.0,0
12.0,46.0,239.0,0
26.0,34.0,31.0,0
1.0,30.0,173.0,0
45.0,66.0,334.0,0
18.0,40.0,223.0,0
11.0,46.5,22.0,0
19.0,45.0,299.0,0
115.0,57.0,334.0,0
7.0,28.0,9.0,0
2.0,31.5,213.0,0
19.0,32.0,47.0,0
115.0,41.0,282.0,0
23.0,59.0,138.0,0
37.0,29.0,61.0,0
40.0,48.0,385.0,0
10.0,58.0,415.0,0
16.0,35.0,280.0,0
19.0,56.5,432.0,0
35.0,42.5,363.0,0
138.0,36.0,271.0,0
24.0,27.5,92.0,0
13.0,54.0,379.0,0
19.0,38.0,245.0,0
136.0,53.0,276.0,0
6.0,47.0,11.0,0
28.0,34.0,148.0,0
44.0,56.0,418.0,0
17.0,39.0,236.0,0
13.0,38.0,271.0,0
12.0,57.5,279.0,0
2.0,33.0,168.0,0
4.0,27.0,86.0,0
22.0,64.0,38.0,0
17.0,63.0,189.0,0
9.0,41.0,271.0,0
14.0,27.5,148.0,0
1.0,50.5,360.0,0
1.0,42.0,118.0,0
20.0,30.5,50.0,0
31.0,55.0,337.0,0
13.0,56.0,282.0,0
62.0,41.0,128.0,0
44.0,31.5,51.0,0
17.0,52.5,374.0,0
33.0,32.0,38.0,0
8.0,63.5,24.0,0
0.0,53.0,420.0,1
16.0,57.0,261.0,0
11.0,53.5,237.0,0
12.0,64.5,191.0,0
1.0,49.0,221.0,0
143.0,67.0,334.0,0
119.0,70.0,368.0,0
15.0,40.0,70.0,0
7.0,37.0,20.0,0
10.0,33.0,79.0,0
40.0,25.0,60.0,0
19.0,29.5,129.0,0
2.0,40.5,31.0,0
20.0,32.5,97.0,0
67.0,62.0,292.0,0
66.0,53.0,256.0,0
19.0,38.0,247.0,0
5.0,54.0,388.0,0
45.0,57.0,274.0,0
15.0,43.0,338.0,0
19.0,53.0,268.0,0
25.0,38.0,268.0,0
2.0,45.5,356.0,0
23.0,43.0,338.0,0
19.0,57.0,275.0,0
11.0,33.0,25.0,0
36.0,40.0,96.0,0
2.0,53.0,382.0,0
0.0,56.0,418.0,0
58.0,46.0,207.0,0
11.0,42.0,248.0,0
2.0,31.0,151.0,0
2.0,67.0,230.0,0
19.0,37.0,258.0,0
31.0,71.0,52.0,0
19.0,40.5,258.0,0
7.0,43.5,11.0,0
169.0,42.5,312.0,0
1.0,30.5,117.0,0
1.0,58.0,428.0,0
38.0,64.0,329.0,0
34.0,35.0,237.0,0
34.0,67.5,390.0,0
19.0,56.0,418.0,0
20.0,39.0,217.0,0
46.0,52.0,346.0,0
19.0,51.0,419.0,0
18.0,45.5,389.0,0
62.0,40.0,293.0,0
5.0,65.5,336.0,0
17.0,33.0,212.0,0
4.0,43.0,103.0,0
19.0,30.0,146.0,0
136.0,69.0,272.0,0
177.0,49.5,347.0,0
1.0,43.5,303.0,0
6.0,36.0,184.0,0
0.0,47.0,142.0,0
1.0,58.5,39.0,0
3.0,52.0,387.0,0
22.0,39.0,254.0,0
28.0,50.0,41.0,0
1.0,47.0,380.0,0
13.0,62.5,397.0,0
80.0,35.5,209.0,0
9.0,55.0,350.0,0
169.0,57.5,419.0,0
16.0,59.0,206.0,0
14.0,42.0,19.0,0
19.0,46.5,284.0,0
13.0,53.0,320.0,0
24.0,35.0,195.0,0
45.0,31.0,185.0,0
19.0,33.0,217.0,0
76.0,31.0,195.0,0
71.0,67.5,331.0,0
46.0,41.0,283.0,0
3.0,33.0,251.0,0
23.0,55.0,358.0,0
0.0,36.0,38.0,0
45.0,58.0,402.0,0
19.0,56.0,385.0,0
11.0,30.5,135.0,0
5.0,34.0,269.0,0
3.0,41.0,135.0,0
7.0,26.0,8.0,0
19.0,57.0,277.0,0
27.0,47.0,203.0,0
6.0,55.0,369.0,0
11.0,53.0,322.0,0
56.0,46.0,134.0,0
48.0,51.0,157.0,0
62.0,43.5,310.0,0
75.0,50.0,408.0,0
24.0,28.0,120.0,0
36.0,35.0,217.0,0
19.0,41.5,31.0,1
62.0,61.0,253.0,0
3.0,54.0,385.0,0
2.0,42.0,261.0,0
74.0,59.5,419.0,0
18.0,46.5,284.0,0
65.0,34.0,202.0,0
20.0,64.0,286.0,0
156.0,63.5,312.0,0
12.0,44.0,45.0,0
8.0,47.5,401.0,0
55.0,31.0,226.0,0
51.0,38.0,204.0,0
24.0,59.0,53.0,0
45.0,45.0,48.0,0
136.0,53.5,317.0,0
19.0,32.5,166.0,0
56.0,50.0,337.0,0
45.0,37.0,302.0,0
31.0,52.0,307.0,0
47.0,48.5,226.0,0
18.0,33.0,258.0,0
40.0,65.0,244.0,0
19.0,43.0,334.0,0
84.0,62.5,176.0,0
21.0,32.0,47.0,0
6.0,40.0,272.0,1
0.0,44.0,146.0,0
2.0,34.0,252.0,0
63.0,65.0,372.0,0
17.0,46.0,330.0,0
5.0,26.0,46.0,0
48.0,25.0,81.0,0
19.0,27.0,67.0,1
4.0,36.0,185.0,0
19.0,39.0,186.0,0
11.0,45.0,202.0,0
16.0,50.0,333.0,0
2.0,64.5,374.0,0
19.0,74.0,381.0,0
18.0,37.5,234.0,0
101.0,42.0,145.0,0
19.0,61.5,370.0,0
117.0,45.5,132.0,0
4.0,48.0,260.0,0
31.0,43.0,189.0,0
10.0,44.5,253.0,0
14.0,30.0,21.0,0
19.0,49.0,401.0,0
4.0,26.0,66.0,0
19.0,51.5,331.0,0
6.0,27.5,113.0,0
19.0,33.5,66.0,1
23.0,30.5,140.0,0
2.0,35.0,222.0,0
13.0,58.0,226.0,0
19.0,47.5,51.0,0
6.0,36.0,9.0,0
4.0,33.5,220.0,0
57.0,46.0,400.0,0
19.0,58.0,196.0,0
19.0,60.0,380.0,0
69.0,30.0,102.0,0
18.0,47.0,114.0,0
1.0,56.0,136.0,0
6.0,33.0,186.0,0
190.0,60.0,390.0,0
2.0,49.0,289.0,0
2.0,52.0,336.0,0
0.0,35.0,251.0,0
27.0,28.0,104.0,0
8.0,42.0,153.0,1
24.0,59.0,387.0,0
19.0,29.0,134.0,0
16.0,32.0,197.0,0
20.0,71.5,450.0,0
17.0,56.0,271.0,0
1.0,41.5,305.0,0
7.0,30.0,148.0,0
7.0,25.0,135.0,1
47.0,46.0,379.0,0
19.0,35.0,232.0,0
43.0,41.0,271.0,0
25.0,45.0,315.0,0
15.0,34.0,129.0,1
19.0,54.0,350.0,0
124.0,43.0,333.0,0
8.0,29.0,60.0,0
108.0,53.0,410.0,0
3.0,36.0,90.0,0
4.0,31.0,121.0,0
99.0,62.5,389.0,0
45.0,64.0,366.0,0
36.0,35.0,58.0,0
19.0,54.0,313.0,0
3.0,37.0,195.0,0
11.0,35.0,183.0,0
10.0,36.5,85.0,0
171.0,60.0,308.0,0
81.0,55.5,407.0,0
0.0,37.0,277.0,0
3.0,30.5,13.0,0
93.0,63.0,375.0,0
21.0,48.0,331.0,0
1.0,33.5,217.0,0
124.0,54.0,321.0,0
38.0,48.0,199.0,0
50.0,66.0,110.0,0
2.0,38.0,146.0,0
1.0,38.0,189.0,0
89.0,44.5,138.0,0
35.0,37.0,263.0,0
94.0,39.5,232.0,0
19.0,58.0,428.0,0
13.0,45.0,262.0,0
12.0,28.5,112.0,0
0.0,66.0,370.0,0
13.0,34.5,265.0,0
47.0,43.0,185.0,0
19.0,58.5,258.0,0
14.0,42.0,259.0,0
4.0,32.0,114.0,1
13.0,30.5,208.0,0
9.0,50.5,408.0,0
66.0,57.0,387.0,0
50.0,55.5,363.0,0
39.0,62.0,253.0,0
17.0,39.0,320.0,0
19.0,63.5,361.0,0
65.0,47.0,259.0,0
33.0,59.0,414.0,1
0.0,51.0,240.0,0
3.0,37.0,218.0,0
78.0,87.0,703.0,0
24.0,72.0,307.0,0
29.0,44.5,259.0,0
8.0,56.0,345.0,0
112.0,71.5,201.0,0
1.0,36.5,220.0,0
115.0,41.0,263.0,0
192.0,70.5,395.0,0
172.0,82.0,302.0,0
41.0,67.5,348.0,0
7.0,65.0,398.0,0
30.0,40.5,272.0,0
10.0,34.0,118.0,0
19.0,50.0,381.0,0
115.0,64.5,262.0,0
81.0,42.0,239.0,0
1.0,56.0,389.0,0
45.0,55.0,249.0,0
19.0,34.0,222.0,0
8.0,50.0,275.0,0
38.0,38.0,178.0,0
35.0,55.5,385.0,0
25.0,54.0,319.0,0
135.0,73.0,360.0,1
60.0,47.0,376.0,0
29.0,56.0,304.0,0
7.0,36.5,217.0,0
49.0,28.0,61.0,0
14.0,36.0,29.0,0
9.0,58.0,430.0,0
56.0,35.0,231.0,0
47.0,62.5,311.0,0
16.0,41.0,328.0,0
56.0,60.0,209.0,0
56.0,40.0,256.0,0
19.0,37.5,125.0,0
14.0,26.5,122.0,0
9.0,53.5,321.0,0
49.0,33.0,188.0,0
12.0,55.0,66.0,0
75.0,52.5,199.0,0
19.0,35.5,205.0,1
19.0,57.0,82.0,0
44.0,58.0,315.0,0
62.0,48.0,346.0,0
30.0,48.0,348.0,0
3.0,36.0,224.0,0
19.0,89.0,360.0,0
34.0,65.0,248.0,0
26.0,28.0,159.0,0
14.0,53.5,36.0,0
19.0,54.5,335.0,0
3.0,39.5,174.0,0
19.0,48.0,232.0,0
2.0,32.0,172.0,1
16.0,60.0,286.0,0
32.0,39.0,273.0,0
102.0,66.5,449.0,0
68.0,62.0,282.0,0
10.0,47.0,336.0,0
19.0,60.0,294.0,0
11.0,49.0,83.0,0
15.0,31.0,25.0,0
17.0,35.5,221.0,1
179.0,62.0,318.0,0
30.0,31.0,72.0,0
18.0,29.5,203.0,0
43.0,56.5,371.0,0
51.0,32.5,198.0,0
0.0,69.0,331.0,0
23.0,44.5,271.0,0
50.0,31.5,179.0,0
79.0,59.5,83.0,0
9.0,53.0,183.0,0
0.0,61.0,107.0,0
18.0,56.0,349.0,0
55.0,51.0,93.0,0
6.0,33.5,224.0,0
56.0,51.0,386.0,1
3.0,40.5,259.0,1
66.0,59.0,264.0,0
19.0,79.0,276.0,0
7.0,63.0,221.0,0
9.0,33.5,58.0,0
10.0,52.0,273.0,0
12.0,63.0,342.0,0
56.0,66.0,399.0,0
32.0,72.0,409.0,0
19.0,43.0,170.0,0
3.0,32.0,199.0,0
15.0,48.0,209.0,0
27.0,30.0,37.0,0
19.0,46.5,147.0,0
16.0,46.5,289.0,0
136.0,72.0,286.0,0
3.0,29.0,110.0,0
19.0,25.0,50.0,1
19.0,55.0,321.0,0
24.0,32.0,236.0,0
19.0,50.0,395.0,0
44.0,42.0,309.0,0
50.0,43.5,202.0,0
50.0,31.0,171.0,0
23.0,58.0,293.0,0
56.0,55.0,354.0,0
0.0,50.0,328.0,0
27.0,50.5,334.0,0
9.0,32.5,196.0,0
10.0,33.5,207.0,0
43.0,48.5,246.0,0
12.0,54.0,109.0,0
15.0,65.0,361.0,0
13.0,49.0,295.0,0
19.0,44.0,99.0,0
10.0,48.5,369.0,0
0.0,45.0,343.0,0
8.0,31.0,146.0,0
19.0,44.0,251.0,1
30.0,44.0,257.0,0
19.0,52.0,244.0,0
12.0,59.0,393.0,0
5.0,43.5,150.0,0
15.0,31.0,134.0,0
19.0,30.0,17.0,0
31.0,54.0,161.0,0
25.0,48.0,332.0,0
3.0,32.0,183.0,0
0.0,43.0,280.0,0
13.0,46.0,245.0,0
4.0,40.5,253.0,0
3.0,36.0,233.0,0
23.0,43.0,278.0,0
43.0,58.5,446.0,1
21.0,47.0,27.0,0
82.0,70.5,373.0,0
13.0,36.0,230.0,0
125.0,65.5,456.0,0
2.0,45.5,320.0,0
85.0,59.0,334.0,0
22.0,29.0,137.0,0
19.0,37.5,71.0,0
14.0,62.0,420.0,0
12.0,55.5,193.0,0
24.0,44.5,191.0,0
15.0,38.5,159.0,0
5.0,51.0,311.0,0
19.0,51.0,297.0,0
4.0,40.0,387.0,0
19.0,37.5,185.0,0
62.0,54.0,120.0,0
68.0,41.5,301.0,0
11.0,69.0,138.0,0
8.0,50.5,236.0,0
9.0,39.0,71.0,0
24.0,32.5,193.0,0
87.0,62.0,268.0,0
19.0,56.0,179.0,1
9.0,37.5,246.0,0
19.0,47.5,35.0,1
66.0,58.0,275.0,0
16.0,64.0,256.0,0
42.0,36.0,46.0,0
7.0,54.0,319.0,0
13.0,36.0,15.0,0
124.0,53.5,379.0,0
15.0,61.0,287.0,0
59.0,39.5,255.0,0
20.0,56.0,260.0,0
14.0,48.0,241.0,0
48.0,59.5,369.0,0
2.0,44.0,306.0,0
8.0,60.5,253.0,0
2.0,32.0,162.0,0
19.0,63.0,362.0,0
48.0,36.0,245.0,0
38.0,43.0,319.0,1
19.0,32.5,197.0,0
121.0,63.5,377.0,0
1.0,45.5,345.0,0
9.0,30.0,84.0,0
10.0,31.0,142.0,0
51.0,37.0,229.0,0
19.0,49.0,379.0,0
19.0,41.0,259.0,0
21.0,23.5,87.0,0
3.0,28.5,106.0,0
26.0,54.5,378.0,0
68.0,77.0,554.0,0
19.0,39.5,269.0,0
109.0,54.0,393.0,0
30.0,58.0,328.0,0
171.0,72.0,299.0,0
40.0,54.5,295.0,0
19.0,54.0,383.0,0
56.0,64.5,245.0,0
21.0,62.0,257.0,0
45.0,47.0,281.0,0
2.0,36.0,222.0,0
19.0,62.0,280.0,0
2.0,31.0,172.0,1
16.0,26.0,51.0,0
26.0,62.0,379.0,0
1.0,26.0,8.0,0
51.0,50.0,282.0,0
31.0,66.0,153.0,0
25.0,37.0,36.0,1
16.0,53.0,355.0,0
19.0,44.0,264.0,0
92.0,56.5,113.0,0
31.0,54.0,417.0,0
23.0,34.0,215.0,0
24.0,36.0,112.0,0
18.0,26.0,120.0,0
34.0,26.0,125.0,0
31.0,34.0,215.0,0
62.0,66.5,377.0,0
19.0,58.5,139.0,0
5.0,30.0,123.0,0
125.0,41.0,248.0,0
19.0,44.0,70.0,0
45.0,39.0,258.0,0
14.0,48.0,273.0,0
19.0,29.0,120.0,0
126.0,38.5,291.0,0
11.0,59.0,257.0,0
1.0,35.0,101.0,0
9.0,44.0,283.0,0
3.0,37.0,234.0,0
19.0,63.0,326.0,0
35.0,65.0,336.0,0
17.0,29.0,21.0,0
21.0,41.0,235.0,0
62.0,48.0,312.0,0
47.0,41.0,340.0,1
1.0,45.0,94.0,0
19.0,51.5,344.0,1
27.0,35.0,257.0,0
181.0,58.0,372.0,0
51.0,69.0,336.0,0
25.0,57.0,417.0,0
24.0,53.0,301.0,0
56.0,62.0,416.0,0
2.0,39.0,246.0,0
3.0,45.0,244.0,0
19.0,48.0,217.0,0
12.0,27.0,122.0,0
8.0,27.5,77.0,0
37.0,30.5,123.0,0
19.0,30.5,138.0,0
18.0,26.5,147.0,0
10.0,63.0,60.0,0
131.0,60.5,325.0,0
120.0,65.5,364.0,0
28.0,36.0,123.0,0
26.0,55.0,386.0,0
0.0,23.0,60.0,1
81.0,53.0,251.0,0
4.0,46.5,258.0,0
17.0,46.5,299.0,0
19.0,45.5,257.0,1
9.0,37.5,176.0,0
4.0,40.5,126.0,0
7.0,32.5,163.0,0
5.0,47.0,132.0,0
19.0,24.5,130.0,0
19.0,38.0,279.0,0
12.0,62.5,255.0,0
3.0,32.0,208.0,0
37.0,41.5,61.0,0
19.0,38.0,270.0,0
19.0,59.5,316.0,0
24.0,32.0,199.0,0
4.0,58.0,320.0,0
19.0,60.0,395.0,0
9.0,47.0,416.0,0
64.0,53.0,338.0,0
3.0,33.5,166.0,0
4.0,45.0,307.0,0
36.0,61.5,352.0,0
19.0,40.5,313.0,0
106.0,62.0,384.0,0
191.0,67.5,468.0,0
4.0,40.0,291.0,0
0.0,48.0,102.0,0
23.0,54.5,293.0,0
14.0,33.5,246.0,0
40.0,57.5,421.0,0
62.0,55.0,354.0,0
49.0,35.5,281.0,0
17.0,67.5,291.0,0
12.0,32.0,148.0,0
23.0,41.0,338.0,0
12.0,51.5,391.0,0
30.0,33.0,191.0,0
2.0,73.0,385.0,0
34.0,59.5,412.0,0
25.0,51.5,413.0,0
33.0,42.5,280.0,0
29.0,50.0,272.0,0
26.0,37.0,245.0,0
122.0,47.0,277.0,0
14.0,41.0,321.0,0
75.0,47.5,313.0,0
38.0,41.5,188.0,0
6.0,37.0,15.0,0
49.0,34.5,145.0,0
4.0,59.0,395.0,0
13.0,32.0,136.0,0
21.0,40.0,248.0,0
14.0,57.5,271.0,0
19.0,28.0,22.0,0
4.0,28.0,98.0,0
19.0,36.0,275.0,0
19.0,28.5,125.0,0
1.0,44.0,183.0,0
5.0,36.0,196.0,0
51.0,45.0,334.0,0
19.0,36.0,279.0,0
3.0,34.0,196.0,0
11.0,37.0,279.0,0
20.0,39.0,257.0,0
62.0,54.0,356.0,0
109.0,59.0,269.0,0
26.0,59.0,427.0,0
49.0,28.5,132.0,0
19.0,44.5,177.0,1
23.0,52.5,365.0,0
59.0,53.5,347.0,0
26.0,31.5,171.0,0
34.0,44.0,45.0,0
16.0,59.5,347.0,0
19.0,47.0,255.0,0
67.0,46.5,321.0,0
23.0,47.0,292.0,1
42.0,40.0,295.0,0
12.0,52.0,240.0,0
94.0,45.5,235.0,0
9.0,54.5,263.0,0
38.0,65.0,300.0,0
18.0,36.5,234.0,1
19.0,41.0,80.0,0
54.0,34.5,222.0,0
14.0,37.5,198.0,0
11.0,48.5,359.0,0
23.0,24.0,47.0,0
23.0,39.5,242.0,0
46.0,23.0,76.0,0
8.0,55.0,221.0,0
92.0,48.0,341.0,1
28.0,41.5,264.0,0
57.0,51.5,284.0,0
33.0,57.0,369.0,0
19.0,28.0,114.0,0
0.0,24.0,76.0,0
0.0,57.0,366.0,0
19.0,45.0,101.0,0
55.0,45.0,282.0,0
49.0,31.0,123.0,0
0.0,30.5,145.0,0
1.0,38.0,251.0,0
5.0,24.5,23.0,0
34.0,30.0,65.0,0
48.0,63.0,148.0,0
33.0,30.5,227.0,0
179.0,46.5,401.0,0
19.0,36.0,248.0,0
19.0,35.5,210.0,0
47.0,66.0,386.0,0
0.0,31.0,172.0,0
115.0,50.5,306.0,0
31.0,36.0,103.0,0
45.0,37.5,301.0,0
9.0,49.5,202.0,0
8.0,35.0,145.0,0
35.0,32.5,202.0,0
23.0,28.5,110.0,0
30.0,53.5,61.0,0
65.0,35.0,215.0,0
0.0,27.5,13.0,1
14.0,29.0,123.0,0
3.0,40.0,59.0,0
9.0,35.5,44.0,0
5.0,46.0,352.0,0
67.0,33.0,228.0,0
31.0,43.0,303.0,0
18.0,57.0,118.0,0
50.0,34.0,197.0,0
19.0,78.0,375.0,0
21.0,60.0,203.0,0
19.0,31.0,210.0,0
21.0,43.0,24.0,0
36.0,32.5,174.0,0
13.0,35.0,197.0,0
0.0,56.0,382.0,0
62.0,52.5,358.0,0
34.0,63.0,449.0,0
2.0,48.0,374.0,1
44.0,65.0,383.0,0
5.0,49.0,67.0,0
12.0,62.0,327.0,0
19.0,61.5,325.0,0
37.0,55.0,343.0,0
0.0,61.0,101.0,0
14.0,53.5,332.0,0
9.0,46.0,251.0,0
23.0,35.0,142.0,0
1.0,53.0,241.0,0
14.0,66.0,333.0,0
4.0,45.0,358.0,0
15.0,39.0,19.0,0
19.0,51.5,229.0,0
18.0,33.0,207.0,0
19.0,52.5,421.0,0
29.0,69.0,189.0,0
21.0,48.0,257.0,0
10.0,45.5,327.0,0
122.0,40.0,259.0,0
19.0,56.5,395.0,0
79.0,42.0,93.0,0
15.0,63.0,374.0,0
25.0,49.0,217.0,0
190.0,58.5,356.0,0
11.0,60.0,381.0,0
13.0,31.0,73.0,0
0.0,47.0,320.0,0
62.0,44.5,306.0,0
19.0,44.0,292.0,0
18.0,37.0,259.0,0
19.0,64.0,381.0,0
7.0,26.5,111.0,0
5.0,33.0,259.0,0
56.0,43.0,339.0,0
13.0,33.0,252.0,0
4.0,77.0,230.0,0
0.0,45.0,223.0,0
0.0,51.0,304.0,0
2.0,26.0,100.0,0
8.0,67.0,14.0,0
2.0,25.0,94.0,0
37.0,44.0,311.0,0
11.0,65.5,354.0,0
4.0,31.0,217.0,0
72.0,57.0,191.0,0
10.0,60.0,413.0,0
68.0,49.0,163.0,0
46.0,31.5,145.0,1
3.0,47.0,401.0,0
3.0,38.0,262.0,0
11.0,36.0,202.0,0
16.0,59.0,258.0,0
11.0,47.0,267.0,0
123.0,36.5,213.0,0
50.0,31.5,133.0,0
42.0,44.0,374.0,0
13.0,46.0,257.0,0
7.0,26.0,37.0,0
21.0,60.0,274.0,0
19.0,48.0,300.0,0
96.0,46.5,157.0,0
23.0,51.5,239.0,0
45.0,41.0,245.0,0
2.0,53.0,320.0,0
3.0,26.0,19.0,0
22.0,36.0,243.0,0
12.0,56.0,251.0,0
10.0,56.0,381.0,0
67.0,51.0,240.0,0
34.0,58.0,277.0,0
18.0,58.0,339.0,0
18.0,44.0,260.0,0
48.0,41.5,319.0,0
24.0,54.5,425.0,0
12.0,38.0,59.0,0
91.0,36.5,271.0,0
40.0,37.5,258.0,0
16.0,55.0,329.0,0
17.0,46.0,99.0,0
126.0,62.0,252.0,1
49.0,68.0,321.0,0
19.0,32.5,75.0,0
16.0,43.0,179.0,0
19.0,26.5,76.0,0
66.0,34.0,223.0,0
128.0,58.5,289.0,0
9.0,37.0,326.0,0
48.0,24.5,75.0,0
102.0,62.0,421.0,0
5.0,62.0,375.0,0
7.0,49.0,395.0,0
14.0,43.0,333.0,0
62.0,39.0,270.0,0
47.0,47.5,275.0,0
19.0,36.0,252.0,0
19.0,34.0,157.0,0
2.0,39.5,272.0,0
13.0,47.0,273.0,0
0.0,40.0,289.0,0
26.0,40.0,281.0,0
1.0,61.0,334.0,0
1.0,34.5,265.0,0
56.0,65.0,360.0,0
19.0,54.0,398.0,0
100.0,72.5,398.0,0
3.0,34.5,263.0,0
7.0,33.5,208.0,0
8.0,48.0,19.0,0
37.0,34.5,259.0,0
117.0,56.0,364.0,0
43.0,50.0,395.0,1
80.0,37.0,279.0,0
42.0,41.0,286.0,0
19.0,42.5,325.0,0
51.0,50.0,102.0,0
11.0,54.5,272.0,0
4.0,57.5,413.0,0
19.0,30.5,136.0,0
105.0,66.0,348.0,0
87.0,56.5,410.0,0
54.0,26.0,57.0,0
19.0,56.5,373.0,0
8.0,26.5,143.0,0
19.0,40.5,177.0,0
9.0,63.0,398.0,0
3.0,43.5,258.0,0
7.0,35.0,37.0,0
185.0,56.0,423.0,0
16.0,63.5,367.0,0
22.0,46.0,320.0,0
156.0,59.0,242.0,0
40.0,55.0,218.0,0
54.0,30.5,141.0,0
14.0,35.5,261.0,0
19.0,58.5,375.0,0
11.0,60.5,227.0,0
2.0,29.0,161.0,0
6.0,34.0,177.0,0
62.0,40.5,245.0,0
19.0,45.0,283.0,0
19.0,57.0,369.0,0
82.0,43.0,320.0,0
182.0,42.0,187.0,0
65.0,72.5,222.0,0
4.0,33.0,181.0,0
1.0,36.0,208.0,0
4.0,45.5,87.0,0
33.0,61.0,405.0,0
64.0,56.5,151.0,0
3.0,53.0,49.0,0
2.0,51.0,80.0,0
24.0,50.0,370.0,0
4.0,41.0,300.0,0
7.0,53.5,257.0,1
45.0,33.0,158.0,0
19.0,55.0,396.0,0
20.0,42.5,267.0,0
13.0,39.5,285.0,0
16.0,52.0,395.0,1
91.0,41.0,231.0,0
22.0,45.5,267.0,0
5.0,50.0,353.0,0
44.0,67.0,423.0,0
8.0,32.0,39.0,0
18.0,61.0,214.0,0
67.0,73.0,307.0,0
2.0,28.0,149.0,1
1.0,48.5,283.0,0
19.0,67.0,342.0,0
72.0,52.5,369.0,0
19.0,30.0,165.0,0
19.0,55.0,264.0,0
8.0,49.0,371.0,0
123.0,52.0,256.0,0
11.0,50.0,180.0,0
0.0,57.0,238.0,0
7.0,26.0,116.0,0
25.0,50.0,232.0,0
9.0,46.0,333.0,0
11.0,31.0,236.0,1
10.0,49.0,290.0,0
19.0,36.0,130.0,0
74.0,49.0,395.0,1
52.0,40.0,247.0,0
19.0,51.0,318.0,0
19.0,73.0,364.0,0
0.0,36.5,257.0,0
52.0,37.0,85.0,0
26.0,35.5,229.0,0
66.0,56.0,333.0,0
54.0,57.0,388.0,0
3.0,36.0,11.0,1
47.0,66.0,237.0,0
19.0,54.0,94.0,0
3.0,46.5,246.0,0
7.0,27.0,62.0,0
21.0,33.0,105.0,0
150.0,48.5,323.0,0
25.0,54.0,328.0,0
12.0,49.0,293.0,0
23.0,33.0,41.0,0
37.0,62.5,316.0,0
51.0,34.0,57.0,0
9.0,45.0,201.0,0
8.0,40.0,264.0,0
6.0,70.0,304.0,0
2.0,45.0,276.0,0
2.0,52.0,230.0,0
9.0,41.5,273.0,0
19.0,38.0,261.0,0
19.0,54.0,46.0,0
138.0,51.5,297.0,0
13.0,33.0,186.0,0
22.0,37.0,242.0,0
54.0,45.5,304.0,0
5.0,50.0,354.0,0
57.0,47.5,173.0,0
5.0,54.5,278.0,0
19.0,28.0,65.0,0
137.0,55.0,380.0,0
52.0,62.0,325.0,0
91.0,58.5,205.0,0
5.0,32.0,31.0,1
66.0,65.5,389.0,0
1.0,48.0,270.0,0
19.0,37.0,213.0,1
122.0,44.0,316.0,0
2.0,45.0,321.0,0
75.0,40.5,283.0,0
30.0,36.0,102.0,0
27.0,47.0,370.0,0
19.0,56.0,270.0,0
5.0,25.5,75.0,0
108.0,45.0,360.0,0
88.0,34.0,198.0,0
33.0,32.5,111.0,0
22.0,48.0,119.0,0
19.0,46.5,204.0,0
21.0,40.0,24.0,0
11.0,48.0,346.0,0
9.0,33.5,89.0,0
21.0,39.0,208.0,0
19.0,53.0,360.0,0
24.0,37.5,219.0,1
47.0,53.5,255.0,0
59.0,41.0,249.0,0
181.0,51.5,413.0,0
2.0,40.0,223.0,0
7.0,43.0,269.0,0
38.0,58.5,372.0,0
134.0,49.0,313.0,0
8.0,64.0,444.0,0
38.0,57.0,328.0,0
46.0,41.0,56.0,0
17.0,77.0,364.0,1
9.0,54.5,420.0,1
24.0,35.0,242.0,0
11.0,53.0,23.0,0
13.0,49.5,247.0,0
44.0,44.0,248.0,0
12.0,52.0,258.0,0
2.0,36.0,245.0,0
19.0,47.0,347.0,0
7.0,36.0,139.0,0
56.0,63.0,272.0,0
9.0,36.5,97.0,0
78.0,49.5,218.0,0
14.0,65.5,307.0,0
133.0,47.5,265.0,0
37.0,29.0,82.0,0
7.0,36.0,245.0,0
3.0,57.0,320.0,0
0.0,43.0,307.0,0
31.0,38.5,277.0,0
51.0,72.0,272.0,0
17.0,48.0,159.0,0
78.0,45.0,332.0,0
33.0,55.0,169.0,0
4.0,41.0,153.0,0
16.0,43.5,308.0,0
33.0,55.0,290.0,0
56.0,53.0,392.0,0
96.0,38.5,248.0,0
11.0,45.5,255.0,0
7.0,57.0,302.0,0
50.0,68.5,231.0,0
21.0,25.0,106.0,0
19.0,58.0,387.0,0
66.0,37.0,302.0,0
60.0,38.0,233.0,0
98.0,47.0,379.0,0
66.0,47.0,318.0,0
19.0,52.5,269.0,0
12.0,43.0,15.0,0
171.0,65.5,411.0,0
25.0,46.0,100.0,0
2.0,49.0,186.0,0
12.0,43.0,243.0,0
2.0,46.0,21.0,0
19.0,61.0,379.0,0
32.0,54.0,79.0,0
100.0,59.0,240.0,0
5.0,35.5,235.0,0
16.0,38.5,186.0,0
0.0,43.0,105.0,0
21.0,61.5,324.0,0
2.0,55.0,333.0,0
1.0,44.0,259.0,0
119.0,35.0,206.0,0
9.0,29.0,156.0,0
45.0,33.0,183.0,0
41.0,34.0,184.0,0
6.0,42.0,256.0,0
1.0,31.5,195.0,0
7.0,48.0,10.0,0
65.0,68.0,375.0,0
2.0,38.0,256.0,0
21.0,34.5,193.0,0
84.0,35.0,115.0,0
60.0,32.0,172.0,0
16.0,33.0,241.0,0
39.0,49.5,347.0,0
33.0,27.5,116.0,0
31.0,36.0,232.0,0
7.0,39.0,290.0,0
52.0,31.0,203.0,0
3.0,32.5,241.0,1
0.0,28.0,185.0,0
44.0,57.0,327.0,0
46.0,40.0,242.0,0
9.0,41.5,311.0,0
19.0,45.0,63.0,0
7.0,25.0,66.0,0
42.0,52.0,344.0,0
28.0,33.0,232.0,1
11.0,52.5,369.0,0
65.0,66.0,191.0,0
0.0,38.0,220.0,1
30.0,44.0,261.0,0
3.0,46.0,231.0,0
1.0,61.0,371.0,0
6.0,28.0,66.0,1
11.0,45.0,217.0,0
14.0,39.5,277.0,0
9.0,59.0,321.0,0
7.0,24.0,98.0,0
44.0,48.0,289.0,0
70.0,39.0,263.0,0
12.0,52.5,249.0,0
8.0,57.0,405.0,0
8.0,43.0,29.0,0
130.0,46.0,359.0,0
24.0,38.0,49.0,0
48.0,65.0,438.0,0
3.0,27.5,140.0,0
137.0,71.0,422.0,0
0.0,50.0,307.0,0
43.0,28.5,159.0,0
21.0,38.5,296.0,0
125.0,43.5,296.0,0
2.0,35.5,188.0,0
158.0,68.5,481.0,0
5.0,38.5,286.0,0
19.0,54.0,375.0,0
135.0,60.0,323.0,0
2.0,24.0,58.0,0
46.0,32.0,51.0,0
19.0,40.5,75.0,0
4.0,29.0,147.0,0
48.0,30.0,147.0,0
8.0,54.5,222.0,0
30.0,68.0,319.0,0
65.0,43.0,258.0,0
42.0,43.0,285.0,0
1.0,53.5,72.0,0
99.0,41.5,296.0,0
19.0,57.5,357.0,0
22.0,45.5,131.0,0
0.0,46.0,328.0,0
56.0,30.0,60.0,0
12.0,36.5,36.0,0
15.0,29.5,114.0,0
23.0,29.0,201.0,0
2.0,42.0,112.0,1
5.0,64.0,359.0,0
9.0,48.0,239.0,0
6.0,59.0,280.0,0
94.0,54.5,126.0,0
6.0,55.0,375.0,0
22.0,35.5,223.0,0
6.0,41.0,270.0,0
22.0,33.0,63.0,0
25.0,29.0,39.0,0
9.0,38.5,205.0,0
0.0,52.0,335.0,0
0.0,56.0,48.0,0
42.0,32.0,205.0,1
40.0,38.5,295.0,0
0.0,65.0,289.0,0
21.0,44.0,387.0,0
6.0,43.0,282.0,0
2.0,37.0,268.0,0
10.0,29.0,122.0,0
22.0,40.5,297.0,0
77.0,43.0,346.0,0
14.0,25.0,62.0,0
60.0,60.0,334.0,0
56.0,37.5,207.0,0
12.0,43.5,123.0,0
37.0,54.0,85.0,0
110.0,48.5,308.0,0
49.0,61.5,224.0,0
106.0,70.0,292.0,0
17.0,31.0,164.0,0
86.0,70.0,341.0,0
66.0,41.0,293.0,0
2.0,62.0,479.0,0
24.0,49.5,256.0,0
1.0,60.5,376.0,0
6.0,22.5,49.0,1
46.0,45.0,298.0,0
51.0,48.0,425.0,1
2.0,50.0,268.0,0
52.0,35.0,259.0,0
2.0,45.0,341.0,0
3.0,51.0,366.0,0
10.0,48.0,107.0,0
31.0,59.0,298.0,0
82.0,62.0,407.0,0
43.0,51.0,249.0,0
56.0,65.0,312.0,0
10.0,30.5,186.0,0
58.0,46.0,412.0,0
11.0,38.0,258.0,0
47.0,61.5,276.0,0
2.0,61.0,370.0,0
81.0,63.0,391.0,0
31.0,48.0,273.0,0
68.0,35.0,72.0,0
0.0,34.0,265.0,0
38.0,36.5,258.0,1
77.0,54.0,237.0,0
19.0,50.0,67.0,0
65.0,36.0,223.0,0
19.0,25.0,78.0,0
27.0,61.5,44.0,0
4.0,48.0,381.0,0
36.0,59.0,372.0,0
2.0,59.0,209.0,0
42.0,61.5,332.0,0
11.0,45.5,358.0,0
12.0,42.0,272.0,0
4.0,33.5,229.0,0
11.0,42.0,207.0,1
187.0,55.5,343.0,1
44.0,35.0,131.0,0
56.0,36.0,240.0,0
4.0,35.5,287.0,1
12.0,66.0,488.0,0
74.0,46.5,321.0,0
10.0,39.0,277.0,0
14.0,40.0,312.0,0
0.0,33.0,196.0,0
14.0,28.5,86.0,0
19.0,47.0,324.0,0
46.0,51.5,388.0,0
3.0,28.0,112.0,0
12.0,53.0,268.0,0
1.0,32.0,199.0,1
15.0,44.0,256.0,0
28.0,50.5,367.0,0
30.0,55.0,371.0,0
19.0,38.0,54.0,0
18.0,34.0,222.0,0
43.0,59.0,329.0,0
7.0,34.0,233.0,0
67.0,52.0,380.0,0
39.0,62.0,323.0,0
56.0,58.5,396.0,0
2.0,37.0,276.0,0
98.0,30.0,173.0,0
4.0,38.0,247.0,0
31.0,32.0,227.0,0
19.0,37.0,67.0,0
0.0,32.0,154.0,0
10.0,62.0,126.0,0
1.0,50.0,46.0,0
3.0,27.0,12.0,0
10.0,48.0,84.0,0
46.0,52.0,245.0,0
148.0,48.5,297.0,0
171.0,67.5,193.0,0
38.0,61.5,258.0,0
13.0,46.0,322.0,0
1.0,55.5,377.0,0
18.0,35.0,170.0,0
71.0,39.5,331.0,0
8.0,63.0,287.0,0
7.0,45.0,7.0,0
48.0,54.0,288.0,0
56.0,56.0,357.0,0
19.0,41.0,44.0,0
75.0,40.0,222.0,1
19.0,31.0,137.0,0
16.0,36.0,259.0,0
57.0,41.0,238.0,0
1.0,55.0,284.0,0
33.0,51.0,303.0,0
14.0,25.0,57.0,0
23.0,49.5,237.0,0
22.0,29.0,120.0,1
2.0,45.0,281.0,1
23.0,59.0,289.0,0
4.0,27.0,121.0,0
23.0,37.0,245.0,0
19.0,66.5,301.0,0
39.0,52.0,410.0,0
56.0,36.0,290.0,0
19.0,47.5,370.0,0
10.0,36.0,58.0,0
34.0,44.5,178.0,0
3.0,28.5,121.0,0
57.0,54.0,282.0,0
19.0,27.5,118.0,1
0.0,36.5,142.0,0
4.0,37.0,257.0,0
10.0,51.0,114.0,0
34.0,57.5,426.0,0
38.0,34.0,60.0,0
33.0,70.0,407.0,0
2.0,35.5,141.0,0
53.0,37.5,60.0,0
19.0,23.5,86.0,1
19.0,35.0,76.0,0
62.0,39.5,245.0,0
181.0,53.0,379.0,0
19.0,48.5,282.0,1
10.0,32.5,195.0,1
4.0,52.5,302.0,0
45.0,58.0,333.0,0
7.0,42.0,262.0,0
5.0,60.5,374.0,0
56.0,41.5,219.0,0
65.0,40.5,270.0,0
14.0,33.0,195.0,0
19.0,70.0,406.0,0
19.0,34.5,76.0,1
4.0,28.0,195.0,0
22.0,57.0,234.0,0
6.0,47.0,277.0,1
9.0,34.0,30.0,0
8.0,51.0,320.0,0
19.0,39.5,138.0,1
21.0,47.5,256.0,0
47.0,58.0,358.0,0
0.0,35.5,213.0,0
13.0,50.5,271.0,0
10.0,31.0,128.0,0
2.0,49.0,300.0,1
1.0,30.0,165.0,0
5.0,33.5,235.0,1
27.0,42.0,300.0,0
16.0,62.0,161.0,0
23.0,47.0,353.0,0
3.0,50.5,313.0,0
12.0,60.0,385.0,0
19.0,64.0,318.0,0
19.0,59.0,149.0,0
1.0,56.0,391.0,0
0.0,47.0,97.0,0
4.0,36.5,192.0,0
69.0,35.0,202.0,0
7.0,46.0,358.0,0
20.0,66.0,372.0,0
31.0,36.0,221.0,0
5.0,49.0,43.0,0
65.0,66.0,346.0,0
1.0,27.0,88.0,0
30.0,48.0,271.0,0
36.0,63.0,325.0,0
45.0,36.0,248.0,0
19.0,42.0,293.0,0
12.0,50.0,339.0,0
16.0,39.0,288.0,0
7.0,33.0,179.0,0
2.0,54.0,386.0,0
38.0,41.0,297.0,0
2.0,60.0,321.0,0
9.0,56.5,307.0,0
17.0,40.0,268.0,0
19.0,46.0,315.0,0
8.0,59.5,434.0,0
66.0,64.0,417.0,0
37.0,54.5,423.0,0
19.0,45.0,298.0,1
38.0,57.0,439.0,0
19.0,58.5,425.0,0
40.0,49.0,298.0,0
15.0,43.0,222.0,1
19.0,65.0,323.0,0
47.0,36.0,194.0,0
29.0,44.5,286.0,0
56.0,50.0,270.0,0
2.0,32.0,117.0,0
59.0,66.0,338.0,0
20.0,57.0,319.0,0
1.0,59.0,248.0,0
69.0,42.5,86.0,0
142.0,64.0,275.0,0
4.0,35.0,214.0,1
5.0,30.0,135.0,0
23.0,35.0,146.0,0
70.0,34.0,120.0,0
147.0,35.5,195.0,0
13.0,26.5,85.0,0
10.0,55.5,338.0,0
9.0,38.0,339.0,0
51.0,48.5,294.0,0
13.0,55.5,265.0,0
13.0,52.0,335.0,0
50.0,53.0,362.0,0
19.0,35.5,276.0,0
114.0,36.5,208.0,0
3.0,42.0,111.0,0
2.0,43.5,200.0,0
19.0,62.0,292.0,0
7.0,41.5,319.0,0
20.0,47.5,80.0,0
11.0,41.0,335.0,0
2.0,57.5,371.0,0
19.0,53.0,230.0,0
33.0,42.0,308.0,1
20.0,49.0,401.0,0
50.0,49.0,106.0,0
37.0,31.0,204.0,0
26.0,51.0,151.0,0
115.0,51.5,421.0,0
49.0,49.0,193.0,0
28.0,31.0,122.0,0
19.0,56.5,356.0,0
56.0,54.5,327.0,0
19.0,81.0,362.0,0
11.0,40.0,324.0,0
11.0,34.0,209.0,0
33.0,36.5,45.0,0
5.0,45.0,332.0,0
7.0,31.5,107.0,0
5.0,33.5,221.0,0
7.0,36.0,158.0,0
1.0,50.5,366.0,0
96.0,41.0,264.0,0
108.0,59.0,420.0,0
18.0,61.0,414.0,0
27.0,36.0,237.0,0
0.0,47.0,256.0,0
13.0,38.5,260.0,0
32.0,64.5,380.0,0
124.0,33.0,179.0,0
45.0,64.0,409.0,0
61.0,48.5,72.0,0
19.0,59.0,148.0,0
37.0,45.5,297.0,0
2.0,36.0,264.0,0
1.0,56.0,354.0,0
19.0,59.0,441.0,0
10.0,32.5,177.0,0
0.0,53.0,338.0,0
2.0,50.5,273.0,0
59.0,43.0,321.0,0
20.0,52.0,417.0,0
78.0,49.5,184.0,0
11.0,36.5,257.0,1
1.0,58.5,355.0,0
0.0,25.0,54.0,0
44.0,33.0,250.0,0
11.0,37.0,200.0,0
3.0,43.0,246.0,1
19.0,31.0,24.0,0
12.0,52.0,42.0,0
66.0,68.0,324.0,0
36.0,31.0,43.0,1
19.0,40.5,294.0,0
16.0,45.0,153.0,0
10.0,45.0,285.0,0
48.0,37.0,222.0,0
116.0,53.0,277.0,0
14.0,33.5,121.0,0
134.0,66.5,455.0,0
18.0,27.0,122.0,1
3.0,37.0,213.0,0
29.0,53.0,404.0,0
7.0,52.5,254.0,0
18.0,43.0,310.0,0
24.0,32.5,208.0,0
42.0,51.0,262.0,0
10.0,37.0,252.0,0
1.0,34.0,44.0,0
69.0,72.5,311.0,0
39.0,35.0,60.0,0
14.0,32.5,31.0,0
32.0,48.5,60.0,0
41.0,67.0,329.0,0
51.0,60.5,302.0,0
4.0,32.0,110.0,0
48.0,45.5,247.0,0
2.0,28.0,125.0,0
9.0,39.0,247.0,0
45.0,57.5,260.0,0
8.0,60.0,409.0,0
24.0,55.0,206.0,0
35.0,43.5,108.0,0
72.0,45.0,113.0,0
1.0,33.0,38.0,0
48.0,65.0,326.0,0
16.0,30.0,147.0,0
8.0,34.0,104.0,0
12.0,32.0,221.0,0
12.0,25.5,69.0,0
22.0,25.0,76.0,0
22.0,50.5,328.0,0
8.0,56.5,405.0,1
12.0,57.0,22.0,0
0.0,37.5,258.0,0
25.0,55.0,272.0,0
19.0,40.0,281.0,0
1.0,36.0,249.0,0
25.0,52.0,227.0,0
15.0,44.5,327.0,0
19.0,41.0,293.0,0
5.0,33.5,263.0,0
11.0,47.0,289.0,0
38.0,44.0,297.0,0
154.0,54.0,301.0,0
46.0,57.0,321.0,0
123.0,56.0,323.0,0
62.0,62.5,329.0,0
40.0,33.0,247.0,0
6.0,33.0,212.0,0
24.0,41.5,369.0,0
19.0,40.5,166.0,1
14.0,62.0,447.0,0
20.0,38.0,250.0,0
40.0,52.5,252.0,0
7.0,31.0,226.0,0
64.0,43.0,271.0,0
56.0,49.0,267.0,0
8.0,38.5,24.0,0
31.0,55.0,371.0,0
33.0,48.0,99.0,1
12.0,27.5,113.0,0
14.0,28.0,199.0,0
51.0,41.0,284.0,0
19.0,45.0,309.0,0
144.0,88.0,293.0,0
19.0,59.0,383.0,0
66.0,39.0,244.0,0
19.0,41.0,295.0,0
11.0,60.0,123.0,0
19.0,60.0,323.0,1
18.0,40.0,148.0,0
18.0,39.0,240.0,0
48.0,60.5,360.0,0
21.0,63.0,354.0,0
12.0,45.0,328.0,1
20.0,55.5,381.0,0
6.0,34.5,71.0,0
48.0,57.0,365.0,0
0.0,40.0,275.0,0
85.0,73.0,249.0,0
56.0,36.0,217.0,0
4.0,58.0,280.0,0
2.0,58.0,322.0,0
11.0,42.0,325.0,0
22.0,51.5,281.0,0
56.0,64.0,410.0,0
41.0,56.0,207.0,0
9.0,32.0,195.0,0
19.0,24.0,131.0,0
0.0,42.0,271.0,0
2.0,53.0,338.0,0
1.0,42.5,187.0,0
22.0,33.0,216.0,0
25.0,35.5,229.0,0
12.0,53.5,335.0,0
19.0,57.5,287.0,0
16.0,41.5,270.0,0
1.0,28.5,139.0,0
9.0,32.5,195.0,0
19.0,52.0,184.0,0
10.0,43.5,307.0,0
19.0,29.0,62.0,0
58.0,45.0,297.0,1
0.0,28.0,136.0,0
61.0,69.0,567.0,0
44.0,54.0,360.0,0
8.0,28.0,15.0,0
171.0,63.0,369.0,0
20.0,53.0,300.0,0
13.0,48.0,179.0,0
1.0,47.0,218.0,0
12.0,24.0,36.0,0
19.0,30.0,54.0,0
74.0,56.0,376.0,0
49.0,32.0,200.0,0
0.0,62.5,208.0,0
30.0,62.0,312.0,0
30.0,48.5,323.0,0
84.0,56.0,360.0,0
12.0,62.0,117.0,0
91.0,28.5,118.0,0
2.0,26.0,130.0,0
4.0,36.0,64.0,0
2.0,36.0,19.0,0
38.0,70.5,306.0,0
54.0,37.0,289.0,0
59.0,48.0,146.0,0
5.0,51.0,343.0,0
9.0,25.5,63.0,0
72.0,46.0,335.0,0
9.0,33.5,30.0,0
5.0,41.0,318.0,0
35.0,38.5,124.0,0
18.0,57.0,392.0,0
15.0,32.5,45.0,0
19.0,28.0,45.0,0
18.0,35.5,26.0,0
19.0,28.0,27.0,0
62.0,66.5,403.0,0
19.0,32.5,160.0,0
4.0,54.0,340.0,0
12.0,39.5,166.0,0
122.0,50.0,356.0,0
9.0,24.0,58.0,0
12.0,34.0,28.0,0
47.0,58.0,423.0,0
34.0,55.0,309.0,1
15.0,39.5,251.0,0
19.0,53.0,389.0,1
33.0,33.0,198.0,0
9.0,59.5,310.0,0
34.0,70.0,64.0,0
60.0,35.5,72.0,1
9.0,43.5,124.0,1
19.0,28.5,208.0,0
19.0,37.0,171.0,0
1.0,52.0,262.0,0
10.0,31.5,124.0,1
30.0,37.0,154.0,0
64.0,53.0,108.0,0
12.0,50.5,357.0,0
123.0,55.0,337.0,0
7.0,47.0,324.0,0
0.0,35.0,174.0,0
60.0,59.0,435.0,0
23.0,28.0,153.0,0
8.0,53.0,333.0,0
70.0,33.0,81.0,1
10.0,40.5,284.0,0
27.0,37.0,30.0,0
11.0,57.0,417.0,0
0.0,39.0,128.0,0
9.0,51.0,360.0,0
69.0,53.0,331.0,0
17.0,64.5,327.0,0
2.0,19.5,29.0,0
69.0,44.0,278.0,0
12.0,64.0,317.0,0
3.0,64.0,484.0,0
12.0,38.5,256.0,0
32.0,54.0,294.0,0
9.0,56.0,319.0,0
67.0,57.5,446.0,0
17.0,60.0,344.0,0
17.0,34.0,33.0,0
111.0,35.0,234.0,0
2.0,50.0,65.0,0
1.0,32.0,33.0,0
19.0,61.0,354.0,0
19.0,59.5,377.0,1
19.0,31.0,60.0,0
18.0,26.5,100.0,0
45.0,56.0,319.0,0
9.0,51.0,306.0,0
19.0,51.0,253.0,0
57.0,40.5,342.0,0
3.0,25.0,13.0,0
5.0,52.0,263.0,0
38.0,39.0,72.0,0
19.0,36.0,225.0,0
19.0,43.0,250.0,0
40.0,44.5,255.0,0
19.0,31.5,40.0,0
50.0,58.5,328.0,0
2.0,37.5,240.0,0
140.0,39.0,301.0,0
4.0,57.0,322.0,0
2.0,44.0,286.0,0
30.0,53.5,264.0,0
11.0,54.0,279.0,0
2.0,30.0,149.0,0
19.0,50.5,388.0,0
34.0,37.5,259.0,0
133.0,61.0,315.0,0
25.0,40.0,246.0,1
20.0,45.5,118.0,0
12.0,45.0,336.0,0
30.0,43.0,177.0,0
13.0,29.0,57.0,0
4.0,42.0,305.0,0
1.0,41.0,92.0,1
4.0,27.5,147.0,0
1.0,37.5,268.0,0
34.0,58.0,297.0,1
1.0,31.0,140.0,0
14.0,62.0,308.0,0
0.0,33.5,126.0,0
10.0,59.5,144.0,0
3.0,23.5,48.0,1
18.0,38.5,309.0,0
11.0,69.0,332.0,0
0.0,27.0,18.0,0
2.0,58.0,233.0,0
22.0,58.0,335.0,0
34.0,51.0,360.0,0
7.0,46.5,282.0,0
10.0,24.0,61.0,0
13.0,31.5,139.0,0
11.0,33.0,210.0,0
9.0,38.0,249.0,0
11.0,42.0,269.0,0
106.0,38.0,216.0,0
5.0,44.0,365.0,0
4.0,49.0,351.0,0
30.0,34.0,65.0,0
74.0,56.5,261.0,0
13.0,68.5,251.0,0
38.0,60.0,350.0,0
1.0,36.5,228.0,0
0.0,53.0,118.0,0
4.0,60.5,288.0,0
196.0,63.0,410.0,0
5.0,29.5,61.0,0
31.0,58.0,207.0,0
56.0,33.0,190.0,0
59.0,40.5,271.0,0
14.0,55.5,323.0,0
4.0,52.5,62.0,0
19.0,47.5,381.0,0
19.0,46.5,346.0,0
51.0,28.5,85.0,0
5.0,36.0,224.0,0
19.0,59.0,333.0,1
124.0,66.0,478.0,0
8.0,32.0,98.0,0
9.0,37.0,301.0,0
32.0,35.0,262.0,0
67.0,35.0,206.0,0
25.0,54.0,388.0,0
7.0,31.5,73.0,0
22.0,66.0,439.0,0
2.0,61.0,243.0,0
14.0,39.5,181.0,0
22.0,56.0,188.0,0
2.0,27.5,152.0,0
19.0,44.0,285.0,0
1.0,40.5,268.0,0
189.0,60.0,262.0,0
143.0,51.0,324.0,0
47.0,46.0,233.0,0
2.0,46.0,306.0,0
19.0,53.0,242.0,0
10.0,35.5,183.0,0
40.0,56.0,407.0,0
27.0,60.5,360.0,0
58.0,66.0,329.0,0
2.0,45.0,397.0,0
108.0,55.0,385.0,0
2.0,28.0,31.0,0
19.0,48.0,337.0,0
9.0,32.0,164.0,0
139.0,45.0,358.0,0
81.0,55.0,343.0,0
19.0,58.0,318.0,0
6.0,65.0,415.0,0
0.0,42.0,161.0,0
40.0,67.5,387.0,0
21.0,49.0,225.0,0
66.0,32.5,238.0,0
12.0,40.0,295.0,0
46.0,41.0,285.0,0
19.0,40.5,270.0,0
22.0,34.0,116.0,0
22.0,47.0,497.0,0
59.0,35.5,235.0,0
22.0,49.5,359.0,0
18.0,39.5,68.0,0
2.0,34.0,212.0,0
83.0,40.0,242.0,0
19.0,30.0,40.0,0
19.0,60.5,435.0,0
19.0,37.0,134.0,0
19.0,54.5,301.0,0
19.0,30.0,69.0,1
66.0,28.5,99.0,0
15.0,21.5,55.0,0
48.0,28.0,87.0,0
11.0,48.5,283.0,0
87.0,37.0,247.0,0
19.0,41.0,302.0,0
102.0,56.0,381.0,1
108.0,38.0,260.0,0
9.0,40.0,326.0,0
73.0,38.0,218.0,0
19.0,39.0,128.0,0
171.0,41.0,261.0,0
19.0,24.5,118.0,0
45.0,43.0,58.0,0
22.0,29.0,73.0,0
66.0,41.0,69.0,0
40.0,40.0,287.0,0
43.0,28.0,105.0,0
31.0,25.0,41.0,0
16.0,28.5,134.0,0
0.0,29.0,91.0,0
49.0,30.5,198.0,0
39.0,54.0,317.0,0
8.0,26.0,125.0,0
12.0,50.0,246.0,0
18.0,35.5,234.0,0
36.0,33.0,115.0,0
6.0,45.0,291.0,0
2.0,28.0,139.0,0
21.0,34.0,190.0,0
19.0,50.0,160.0,0
61.0,65.0,440.0,0
19.0,35.0,99.0,0
13.0,29.0,122.0,0
4.0,47.5,399.0,0
68.0,33.5,186.0,0
89.0,40.0,177.0,0
3.0,55.5,369.0,0
23.0,65.0,284.0,0
0.0,35.5,126.0,0
32.0,28.5,126.0,0
30.0,47.0,303.0,0
8.0,61.5,456.0,0
6.0,38.0,259.0,0
15.0,30.0,184.0,0
66.0,43.0,230.0,0
19.0,47.5,382.0,0
27.0,38.0,272.0,0
65.0,49.0,68.0,0
7.0,43.5,190.0,0
19.0,26.0,80.0,0
47.0,30.0,130.0,0
47.0,38.0,208.0,0
35.0,41.5,233.0,0
16.0,48.0,300.0,0
49.0,53.0,116.0,0
6.0,38.0,271.0,1
67.0,46.0,169.0,0
19.0,34.0,155.0,0
31.0,50.0,405.0,0
6.0,57.0,382.0,0
55.0,44.5,309.0,0
13.0,35.5,192.0,0
32.0,51.0,296.0,0
3.0,46.0,34.0,0
16.0,63.0,413.0,0
19.0,49.0,359.0,0
4.0,37.0,253.0,0
2.0,37.0,212.0,0
19.0,37.0,222.0,0
18.0,49.0,263.0,0
39.0,56.0,336.0,0
19.0,57.0,245.0,0
17.0,55.0,245.0,0
25.0,33.0,160.0,0
0.0,31.0,188.0,0
19.0,36.0,69.0,0
69.0,60.5,99.0,0
28.0,30.5,134.0,0
32.0,36.5,36.0,0
19.0,34.0,107.0,0
16.0,46.0,320.0,1
32.0,30.0,154.0,0
11.0,36.0,35.0,0
17.0,35.0,266.0,0
88.0,47.5,205.0,0
147.0,38.0,247.0,0
0.0,27.5,178.0,0
22.0,58.0,255.0,0
86.0,69.0,451.0,0
8.0,43.0,320.0,0
25.0,47.5,426.0,0
4.0,41.5,265.0,0
5.0,46.0,285.0,0
40.0,36.0,101.0,0
38.0,34.5,195.0,0
9.0,66.0,308.0,0
45.0,28.5,96.0,0
56.0,50.0,121.0,0
0.0,54.0,239.0,0
49.0,37.0,261.0,0
18.0,30.0,120.0,0
38.0,40.0,291.0,0
19.0,47.5,242.0,0
13.0,40.0,208.0,0
38.0,44.5,238.0,0
108.0,58.0,250.0,0
3.0,42.5,319.0,0
7.0,36.5,280.0,0
22.0,47.0,315.0,0
15.0,79.0,304.0,0
19.0,51.5,424.0,0
57.0,35.0,229.0,0
2.0,35.5,288.0,1
21.0,60.0,383.0,0
0.0,41.0,270.0,0
69.0,35.5,210.0,1
44.0,48.0,382.0,0
49.0,65.0,337.0,0
43.0,53.5,346.0,0
9.0,45.0,263.0,0
69.0,37.5,245.0,0
19.0,37.0,303.0,0
51.0,30.0,69.0,0
35.0,39.5,129.0,0
19.0,42.0,156.0,0
7.0,37.0,288.0,0
6.0,53.5,9.0,0
181.0,65.0,281.0,0
71.0,46.5,76.0,0
67.0,57.5,180.0,0
33.0,57.0,277.0,0
43.0,40.5,258.0,0
7.0,24.0,17.0,0
164.0,60.0,424.0,0
27.0,49.0,359.0,0
19.0,36.0,234.0,1
15.0,56.5,223.0,0
19.0,44.5,284.0,0
19.0,52.0,358.0,0
4.0,57.0,272.0,0
4.0,55.0,313.0,0
24.0,37.5,214.0,1
21.0,60.0,382.0,0
57.0,66.0,317.0,0
2.0,45.0,297.0,0
59.0,36.0,232.0,0
59.0,40.0,270.0,0
8.0,25.0,92.0,0
45.0,71.5,488.0,0
56.0,36.0,195.0,0
3.0,34.0,192.0,0
91.0,39.5,261.0,0
8.0,60.0,293.0,0
8.0,35.0,235.0,0
144.0,68.0,249.0,0
7.0,30.5,168.0,0
46.0,60.0,220.0,0
77.0,75.5,85.0,0
13.0,43.5,378.0,0
11.0,46.0,213.0,0
30.0,36.0,263.0,0
5.0,38.0,130.0,0
37.0,44.0,348.0,0
1.0,32.5,261.0,0
0.0,27.0,95.0,0
87.0,32.5,217.0,0
19.0,36.0,219.0,1
10.0,28.5,12.0,0
94.0,44.5,292.0,0
26.0,58.5,289.0,1
19.0,52.0,138.0,0
1.0,43.0,10.0,0
5.0,51.0,265.0,0
47.0,62.0,264.0,0
58.0,53.0,302.0,0
19.0,24.0,88.0,0
163.0,57.0,348.0,0
54.0,38.5,309.0,0
11.0,62.0,259.0,0
5.0,38.0,258.0,0
2.0,25.5,72.0,0
14.0,45.0,298.0,0
20.0,29.0,50.0,0
26.0,54.5,331.0,0
26.0,30.0,147.0,0
96.0,73.0,100.0,0
40.0,59.0,424.0,0
7.0,27.0,172.0,0
57.0,60.0,443.0,0
150.0,47.5,298.0,0
23.0,35.0,212.0,1
55.0,30.0,58.0,0
10.0,38.5,276.0,0
59.0,59.0,361.0,0
56.0,40.0,288.0,0
76.0,29.5,133.0,0
4.0,43.0,285.0,0
113.0,46.0,312.0,0
23.0,29.0,130.0,0
0.0,42.0,45.0,0
9.0,32.0,233.0,0
132.0,54.5,346.0,0
73.0,41.5,283.0,0
19.0,35.0,143.0,0
62.0,52.0,396.0,0
3.0,35.0,44.0,0
0.0,53.0,183.0,0
2.0,36.5,260.0,0
37.0,48.0,289.0,0
12.0,68.5,367.0,0
10.0,34.0,187.0,0
3.0,50.0,295.0,0
19.0,34.5,203.0,1
6.0,38.5,12.0,0
13.0,42.0,306.0,0
36.0,43.5,66.0,0
11.0,38.5,265.0,0
128.0,53.5,348.0,0
19.0,42.0,15.0,0
56.0,64.0,487.0,0
6.0,35.0,225.0,0
92.0,59.0,331.0,1
10.0,59.0,312.0,0
4.0,31.0,181.0,0
60.0,55.0,276.0,0
14.0,41.5,364.0,0
26.0,29.0,126.0,0
17.0,59.0,307.0,0
11.0,29.0,28.0,0
61.0,46.0,326.0,0
38.0,37.0,235.0,0
14.0,45.0,345.0,0
183.0,60.0,245.0,0
96.0,40.0,238.0,0
9.0,62.5,297.0,0
61.0,31.5,149.0,0
8.0,68.5,262.0,0
59.0,36.0,132.0,0
10.0,40.5,245.0,0
30.0,46.0,53.0,0
89.0,59.0,179.0,0
21.0,48.5,305.0,0
0.0,57.0,332.0,0
15.0,62.0,289.0,0
19.0,57.0,393.0,0
102.0,35.0,196.0,0
23.0,69.0,312.0,0
19.0,48.0,295.0,0
0.0,38.0,273.0,0
62.0,38.0,87.0,0
0.0,35.5,229.0,0
2.0,45.0,271.0,1
13.0,45.5,290.0,0
56.0,52.5,399.0,0
26.0,57.5,440.0,0
19.0,44.5,320.0,0
17.0,38.0,296.0,0
1.0,35.5,208.0,0
5.0,58.5,408.0,0
7.0,30.5,166.0,0
3.0,33.0,45.0,0
9.0,42.0,264.0,0
19.0,59.5,408.0,0
97.0,41.0,269.0,0
14.0,53.0,309.0,0
127.0,60.0,429.0,0
19.0,23.0,78.0,0
1.0,35.0,222.0,0
20.0,43.5,228.0,0
19.0,37.0,139.0,0
1.0,53.0,298.0,0
9.0,47.0,236.0,0
9.0,39.0,230.0,0
22.0,30.5,153.0,0
19.0,51.5,262.0,1
48.0,33.5,189.0,0
37.0,32.5,238.0,0
147.0,56.0,361.0,0
22.0,48.5,317.0,0
0.0,33.5,268.0,0
8.0,46.0,350.0,0
28.0,37.0,275.0,0
33.0,50.0,348.0,0
33.0,60.0,295.0,0
32.0,47.0,371.0,0
18.0,47.0,351.0,0
19.0,55.0,306.0,0
7.0,28.5,148.0,0
5.0,54.5,337.0,0
45.0,44.0,354.0,0
19.0,42.5,50.0,0
27.0,38.5,266.0,0
22.0,67.0,337.0,0
8.0,60.0,417.0,0
18.0,37.0,249.0,0
19.0,47.0,135.0,1
22.0,24.0,86.0,0
66.0,75.0,368.0,0
2.0,56.0,349.0,0
1.0,41.0,170.0,0
71.0,69.0,389.0,0
19.0,35.0,282.0,0
56.0,56.0,274.0,0
5.0,52.0,248.0,0
41.0,33.0,239.0,0
47.0,62.0,338.0,0
2.0,44.0,115.0,0
34.0,51.0,236.0,0
12.0,43.0,221.0,0
9.0,30.0,22.0,0
45.0,26.5,75.0,0
2.0,28.5,160.0,0
17.0,65.0,251.0,0
21.0,51.0,277.0,0
49.0,40.5,219.0,0
33.0,53.0,292.0,0
19.0,35.0,185.0,1
50.0,42.5,319.0,0
16.0,70.5,380.0,0
0.0,35.0,222.0,0
12.0,30.0,134.0,1
0.0,40.0,13.0,0
56.0,53.0,406.0,0
49.0,54.0,335.0,0
21.0,53.0,233.0,0
10.0,52.0,284.0,0
92.0,36.0,288.0,0
12.0,34.0,231.0,0
2.0,53.5,277.0,0
46.0,59.0,422.0,0
14.0,40.0,58.0,0
25.0,41.5,217.0,0
0.0,44.0,300.0,0
11.0,39.0,258.0,0
19.0,30.5,191.0,0
63.0,71.0,480.0,0
0.0,54.0,298.0,0
34.0,57.0,423.0,0
86.0,46.5,160.0,0
69.0,44.0,237.0,1
0.0,48.5,259.0,0
68.0,57.0,316.0,0
19.0,48.5,48.0,1
3.0,52.5,386.0,0
25.0,31.0,87.0,0
7.0,29.0,31.0,0
19.0,57.0,186.0,0
51.0,52.0,340.0,0
5.0,39.0,272.0,0
1.0,28.0,132.0,0
4.0,63.5,427.0,0
21.0,46.0,159.0,0
23.0,31.0,166.0,0
8.0,50.0,289.0,1
18.0,25.0,78.0,0
16.0,45.0,162.0,0
19.0,38.0,102.0,0
7.0,33.5,113.0,0
8.0,44.0,384.0,0
10.0,33.0,70.0,0
22.0,59.0,309.0,0
46.0,52.0,335.0,0
89.0,62.0,153.0,0
44.0,49.5,304.0,0
14.0,56.5,315.0,0
3.0,53.0,261.0,0
7.0,64.0,324.0,0
8.0,35.0,323.0,0
8.0,42.0,128.0,0
14.0,60.5,96.0,0
66.0,31.0,107.0,0
75.0,49.0,246.0,0
51.0,52.0,217.0,1
123.0,56.0,277.0,1
21.0,35.5,140.0,0
115.0,73.0,238.0,0
2.0,40.0,121.0,0
4.0,44.5,269.0,0
2.0,47.0,24.0,0
102.0,74.0,348.0,0
98.0,50.5,396.0,0
17.0,48.5,257.0,0
191.0,37.5,249.0,0
7.0,29.0,194.0,0
35.0,78.0,321.0,0
38.0,65.0,321.0,0
58.0,45.5,331.0,0
0.0,24.0,58.0,0
2.0,31.0,209.0,0
26.0,54.0,304.0,1
41.0,39.0,57.0,0
32.0,31.0,134.0,0
0.0,48.0,324.0,0
15.0,43.5,36.0,0
0.0,26.0,139.0,0
137.0,70.0,419.0,0
19.0,36.5,301.0,0
193.0,49.0,268.0,0
25.0,56.5,422.0,0
28.0,50.0,312.0,0
179.0,53.0,306.0,0
51.0,44.0,342.0,0
55.0,28.5,93.0,0
16.0,32.5,36.0,1
19.0,58.0,285.0,1
2.0,49.0,358.0,0
18.0,51.0,339.0,0
14.0,59.5,428.0,0
0.0,30.0,113.0,0
26.0,28.0,114.0,0
38.0,35.0,270.0,0
4.0,35.0,210.0,0
67.0,77.0,304.0,0
2.0,43.0,326.0,0
0.0,54.5,238.0,0
84.0,44.0,332.0,0
21.0,45.0,394.0,0
0.0,51.0,308.0,0
18.0,67.5,433.0,0
23.0,62.0,393.0,0
0.0,54.0,272.0,0
2.0,44.5,131.0,0
46.0,34.5,126.0,0
48.0,48.0,264.0,0
19.0,41.5,289.0,0
33.0,61.0,403.0,0
2.0,55.5,309.0,0
48.0,38.5,249.0,0
20.0,27.0,45.0,0
58.0,38.5,269.0,0
14.0,46.0,313.0,0
48.0,28.0,135.0,0
10.0,55.0,282.0,0
23.0,54.5,310.0,0
5.0,40.0,177.0,0
24.0,35.0,184.0,0
101.0,65.5,384.0,0
44.0,29.0,49.0,0
3.0,40.0,212.0,0
35.0,30.5,231.0,0
3.0,28.0,129.0,0
90.0,54.5,384.0,0
19.0,51.0,246.0,0
2.0,32.0,289.0,0
14.0,30.0,149.0,1
37.0,47.0,317.0,1
2.0,54.0,141.0,0
33.0,41.0,294.0,0
23.0,62.5,273.0,0
2.0,27.0,94.0,0
14.0,48.0,330.0,0
67.0,31.0,86.0,0
0.0,33.0,174.0,0
8.0,39.0,241.0,0
78.0,32.0,141.0,0
47.0,54.0,343.0,0
3.0,59.5,405.0,0
10.0,39.0,128.0,0
2.0,37.5,300.0,0
58.0,63.0,342.0,0
22.0,59.0,196.0,0
21.0,58.0,297.0,0
9.0,45.0,277.0,0
19.0,45.0,300.0,0
144.0,45.0,348.0,0
3.0,34.0,71.0,0
19.0,43.0,206.0,0
56.0,53.0,278.0,0
37.0,32.0,161.0,0
31.0,40.0,309.0,0
11.0,33.5,221.0,0
19.0,55.0,369.0,0
71.0,39.0,304.0,0
12.0,40.0,71.0,0
2.0,32.0,16.0,0
5.0,46.5,35.0,0
23.0,72.0,154.0,0
8.0,31.5,126.0,0
7.0,29.0,136.0,1
3.0,64.0,335.0,0
19.0,35.0,257.0,0
20.0,66.0,395.0,0
19.0,31.0,185.0,0
19.0,32.5,201.0,0
3.0,56.0,54.0,0
19.0,38.0,213.0,0
29.0,64.5,443.0,0
19.0,23.0,58.0,0
6.0,45.0,184.0,0
8.0,58.5,329.0,0
152.0,48.0,371.0,0
14.0,31.0,149.0,0
136.0,65.0,543.0,0
23.0,48.0,341.0,0
44.0,35.0,276.0,1
22.0,35.5,197.0,0
37.0,60.0,322.0,0
47.0,44.0,185.0,0
21.0,54.0,421.0,0
1.0,45.5,152.0,0
20.0,51.0,351.0,0
19.0,42.0,275.0,0
25.0,58.0,311.0,0
19.0,53.5,193.0,0
23.0,47.5,120.0,0
10.0,47.5,380.0,0
29.0,63.0,300.0,0
20.0,52.5,196.0,0
1.0,44.0,17.0,0
8.0,48.5,314.0,0
38.0,59.0,439.0,0
0.0,40.5,304.0,0
101.0,60.0,385.0,0
2.0,45.0,201.0,0
74.0,42.0,78.0,1
5.0,58.0,355.0,1
0.0,29.0,120.0,0
19.0,63.0,384.0,1
97.0,72.0,335.0,0
34.0,32.0,215.0,0
19.0,24.0,93.0,0
2.0,62.5,390.0,0
41.0,41.0,304.0,0
44.0,34.5,252.0,0
6.0,27.0,116.0,0
49.0,36.0,238.0,0
2.0,53.5,107.0,0
12.0,57.0,186.0,0
32.0,38.0,250.0,0
9.0,35.5,12.0,0
169.0,53.5,244.0,0
19.0,71.0,422.0,0
58.0,33.0,209.0,0
42.0,47.0,412.0,0
9.0,26.0,99.0,0
2.0,61.0,354.0,0
4.0,51.0,348.0,0
19.0,55.0,271.0,0
65.0,46.0,72.0,0
40.0,60.0,383.0,0
5.0,27.0,103.0,0
18.0,34.0,219.0,0
19.0,55.0,313.0,0
49.0,62.0,231.0,0
2.0,32.0,48.0,0
19.0,44.5,317.0,0
5.0,31.0,8.0,0
45.0,45.0,236.0,0
59.0,47.0,407.0,0
0.0,24.5,65.0,1
21.0,52.0,361.0,0
19.0,44.0,382.0,0
16.0,42.0,234.0,0
2.0,54.0,404.0,0
116.0,58.0,291.0,0
4.0,36.0,155.0,0
182.0,52.5,327.0,0
100.0,60.5,392.0,0
17.0,71.5,192.0,0
44.0,24.0,84.0,0
23.0,63.5,315.0,0
59.0,29.0,140.0,0
19.0,35.0,109.0,0
70.0,32.5,227.0,0
45.0,57.0,300.0,0
184.0,45.5,392.0,0
19.0,31.0,137.0,0
3.0,54.0,421.0,0
20.0,52.0,115.0,1
19.0,44.0,301.0,0
97.0,33.0,193.0,0
38.0,26.0,53.0,0
11.0,45.0,357.0,0
35.0,35.0,214.0,0
32.0,60.0,329.0,0
1.0,52.0,263.0,0
19.0,35.0,49.0,0
84.0,39.0,255.0,0
19.0,45.0,321.0,0
69.0,34.0,140.0,0
7.0,29.0,86.0,0
12.0,44.5,240.0,0
7.0,46.0,20.0,1
100.0,38.0,177.0,0
158.0,51.5,303.0,0
12.0,33.5,100.0,0
34.0,55.0,250.0,0
42.0,69.5,416.0,0
8.0,52.5,114.0,0
19.0,53.0,345.0,0
54.0,55.0,220.0,0
1.0,28.5,134.0,1
14.0,51.0,294.0,0
4.0,43.0,297.0,1
7.0,58.0,39.0,0
19.0,60.5,310.0,1
4.0,39.0,259.0,0
7.0,37.0,257.0,0
14.0,36.0,233.0,1
1.0,55.0,371.0,0
20.0,52.5,295.0,0
161.0,63.0,306.0,0
0.0,33.0,208.0,0
48.0,43.5,251.0,0
34.0,60.0,372.0,0
14.0,63.0,246.0,0
40.0,60.0,319.0,1
171.0,58.5,294.0,0
20.0,23.5,99.0,0
46.0,67.0,52.0,0
64.0,56.0,425.0,0
14.0,36.5,189.0,0
84.0,55.0,364.0,0
2.0,37.0,34.0,0
21.0,27.0,69.0,0
18.0,31.0,183.0,0
8.0,32.0,173.0,0
19.0,32.5,160.0,0
8.0,50.0,376.0,0
5.0,38.0,171.0,0
125.0,61.5,319.0,0
56.0,53.5,347.0,0
23.0,47.0,333.0,0
26.0,61.0,277.0,0
12.0,36.0,247.0,0
2.0,32.5,185.0,0
15.0,42.5,297.0,0
0.0,30.0,208.0,0
49.0,53.5,328.0,0
86.0,56.0,350.0,0
22.0,41.5,122.0,0
183.0,61.0,246.0,0
28.0,36.0,211.0,0
50.0,29.0,60.0,0
67.0,43.0,320.0,0
26.0,36.5,197.0,0
56.0,50.0,245.0,0
45.0,50.0,410.0,0
19.0,45.0,269.0,0
17.0,51.0,34.0,0
14.0,40.0,283.0,0
19.0,33.0,227.0,0
54.0,39.5,308.0,1
49.0,48.0,371.0,0
21.0,39.0,223.0,0
1.0,39.0,233.0,0
18.0,52.0,335.0,0
13.0,38.5,239.0,0
1.0,59.0,404.0,0
16.0,52.0,328.0,0
8.0,40.5,280.0,0
42.0,30.0,173.0,0
4.0,30.0,133.0,0
7.0,32.0,214.0,0
140.0,37.0,241.0,0
57.0,40.0,257.0,0
62.0,50.0,425.0,0
3.0,33.0,266.0,0
13.0,43.0,20.0,0
137.0,62.0,436.0,0
49.0,55.5,332.0,0
1.0,41.0,308.0,0
8.0,29.5,63.0,0
58.0,38.0,198.0,0
19.0,53.0,221.0,0
19.0,36.0,88.0,0
10.0,31.5,67.0,0
59.0,43.5,285.0,0
4.0,38.5,233.0,1
19.0,52.0,417.0,0
19.0,56.0,353.0,0
102.0,63.0,427.0,0
34.0,33.0,73.0,0
75.0,47.0,209.0,0
48.0,62.0,262.0,0
16.0,32.0,140.0,0
19.0,32.0,133.0,0
65.0,54.0,278.0,0
124.0,63.5,239.0,0
2.0,48.5,265.0,0
50.0,37.0,268.0,0
46.0,61.0,389.0,0
4.0,33.0,211.0,1
14.0,46.0,16.0,0
130.0,56.5,358.0,0
62.0,48.0,258.0,0
19.0,56.0,319.0,0
4.0,60.5,117.0,0
16.0,27.0,116.0,0
19.0,52.5,287.0,0
40.0,29.0,47.0,0
45.0,29.5,124.0,0
9.0,57.0,374.0,0
10.0,32.5,13.0,0
8.0,42.0,270.0,0
66.0,67.0,280.0,0
23.0,44.0,332.0,0
13.0,31.5,171.0,0
1.0,29.0,126.0,0
45.0,60.0,317.0,0
29.0,49.0,393.0,0
19.0,47.0,350.0,0
26.0,40.0,198.0,0
16.0,55.5,362.0,0
18.0,45.5,229.0,0
45.0,45.0,313.0,0
42.0,60.0,431.0,0
19.0,53.0,272.0,0
185.0,67.0,323.0,0
24.0,44.0,224.0,0
15.0,34.5,198.0,0
18.0,53.0,375.0,0
2.0,38.0,54.0,0
55.0,78.5,297.0,0
33.0,42.0,281.0,0
119.0,42.0,270.0,0
46.0,30.0,164.0,0
28.0,44.0,321.0,0
10.0,57.5,311.0,1
19.0,42.0,262.0,0
19.0,66.0,381.0,0
0.0,39.0,320.0,0
44.0,72.0,364.0,0
37.0,31.0,199.0,0
81.0,42.0,96.0,0
12.0,47.5,370.0,0
5.0,29.0,17.0,0
41.0,40.5,242.0,0
9.0,30.5,153.0,0
12.0,41.5,101.0,0
12.0,53.5,389.0,0
13.0,49.0,198.0,0
34.0,40.5,102.0,0
124.0,54.0,276.0,0
31.0,34.0,221.0,0
80.0,66.0,372.0,0
9.0,64.0,320.0,0
32.0,35.5,105.0,0
32.0,54.0,282.0,0
68.0,51.5,290.0,0
4.0,41.0,50.0,0
164.0,60.0,260.0,0
89.0,49.5,369.0,0
17.0,58.5,272.0,0
23.0,47.5,227.0,0
4.0,35.0,100.0,0
13.0,54.0,307.0,0
19.0,43.5,260.0,0
7.0,38.5,221.0,0
71.0,48.0,293.0,0
18.0,36.0,260.0,0
1.0,55.0,274.0,0
6.0,29.0,93.0,0
29.0,32.0,140.0,1
19.0,42.0,333.0,0
23.0,36.0,247.0,0
19.0,29.0,149.0,0
122.0,54.0,331.0,0
19.0,39.0,336.0,1
2.0,46.0,331.0,0
25.0,60.0,64.0,0
64.0,59.0,263.0,0
9.0,62.0,345.0,0
14.0,59.0,232.0,0
17.0,38.0,57.0,0
6.0,39.5,229.0,0
108.0,50.5,326.0,0
6.0,50.0,213.0,0
115.0,63.5,330.0,0
81.0,65.0,275.0,0
39.0,47.0,374.0,0
23.0,58.5,202.0,0
41.0,56.0,415.0,1
21.0,29.0,97.0,0
21.0,31.5,158.0,0
186.0,82.5,335.0,0
50.0,54.0,255.0,0
16.0,63.0,304.0,0
51.0,48.0,300.0,0
14.0,52.0,267.0,0
135.0,59.0,292.0,0
12.0,28.5,119.0,0
22.0,56.0,343.0,0
9.0,43.5,283.0,0
10.0,47.0,348.0,0
31.0,67.0,424.0,0
13.0,64.0,486.0,0
2.0,41.0,246.0,0
35.0,61.0,280.0,0
94.0,55.0,321.0,0
99.0,44.5,390.0,0
30.0,45.0,334.0,0
12.0,42.0,252.0,0
10.0,31.0,172.0,0
19.0,54.0,24.0,0
56.0,46.0,212.0,0
19.0,47.5,329.0,0
48.0,42.5,322.0,1
18.0,26.0,130.0,0
0.0,53.5,401.0,0
11.0,26.5,159.0,1
0.0,37.0,223.0,0
108.0,62.0,341.0,0
1.0,32.0,167.0,0
93.0,44.0,272.0,0
42.0,70.0,320.0,0
16.0,37.0,17.0,0
19.0,32.0,174.0,0
12.0,39.0,245.0,0
13.0,56.0,380.0,0
13.0,52.0,317.0,0
8.0,24.0,76.0,0
25.0,37.0,259.0,0
4.0,59.5,331.0,0
39.0,48.5,425.0,0
0.0,36.5,276.0,0
4.0,56.5,408.0,0
2.0,43.0,324.0,0
3.0,39.0,299.0,1
7.0,38.5,223.0,0
91.0,35.0,191.0,0
19.0,52.0,414.0,0
5.0,49.5,385.0,0
56.0,37.0,257.0,0
19.0,57.5,409.0,0
0.0,32.0,160.0,0
6.0,58.0,346.0,0
113.0,50.0,216.0,0
14.0,27.0,88.0,0
28.0,55.0,381.0,0
100.0,70.5,459.0,0
91.0,34.0,226.0,0
85.0,37.0,242.0,0
48.0,56.0,237.0,0
127.0,54.0,420.0,0
26.0,41.5,309.0,0
2.0,49.0,357.0,0
0.0,44.0,307.0,0
131.0,46.5,322.0,0
14.0,30.0,163.0,0
23.0,64.0,274.0,0
19.0,53.0,322.0,0
13.0,42.5,188.0,0
46.0,34.5,229.0,0
19.0,56.5,294.0,0
121.0,42.5,370.0,0
24.0,55.0,353.0,0
1.0,26.0,202.0,0
53.0,61.0,334.0,0
11.0,71.5,554.0,0
28.0,34.0,221.0,0
140.0,52.0,216.0,0
23.0,46.0,325.0,0
8.0,41.0,205.0,0
48.0,37.5,238.0,1
7.0,73.5,269.0,0
31.0,68.0,299.0,0
21.0,64.5,417.0,0
18.0,59.5,275.0,0
68.0,40.5,252.0,0
19.0,33.0,40.0,0
5.0,45.0,193.0,0
13.0,45.0,190.0,0
61.0,38.0,335.0,1
25.0,70.0,34.0,0
4.0,45.0,267.0,1
42.0,61.0,398.0,0
54.0,34.0,225.0,0
180.0,46.5,310.0,0
62.0,40.0,317.0,0
19.0,43.5,233.0,0
120.0,66.0,242.0,0
19.0,48.5,295.0,1
11.0,28.0,140.0,0
12.0,38.0,271.0,0
16.0,59.0,274.0,0
6.0,59.0,388.0,0
19.0,44.5,258.0,0
67.0,72.5,400.0,0
15.0,48.0,63.0,0
8.0,25.0,69.0,0
89.0,56.5,146.0,0
14.0,45.0,299.0,0
1.0,36.0,196.0,0
89.0,76.5,288.0,0
9.0,32.0,135.0,0
32.0,55.0,382.0,0
20.0,54.5,356.0,0
18.0,47.0,315.0,0
21.0,31.5,184.0,0
47.0,42.0,324.0,0
4.0,70.0,315.0,0
21.0,39.0,283.0,0
19.0,54.0,45.0,0
5.0,47.0,400.0,0
18.0,57.0,258.0,0
164.0,70.0,319.0,0
49.0,28.0,136.0,0
3.0,58.0,420.0,0
14.0,44.5,364.0,0
36.0,51.0,382.0,0
68.0,43.0,375.0,0
10.0,50.0,272.0,0
27.0,26.0,71.0,0
8.0,53.0,23.0,0
8.0,25.0,113.0,0
62.0,44.0,221.0,0
19.0,43.0,329.0,0
20.0,43.5,308.0,0
0.0,36.0,186.0,0
10.0,35.5,15.0,0
8.0,38.0,273.0,0
8.0,43.5,68.0,0
18.0,37.5,286.0,0
34.0,47.0,227.0,0
14.0,66.5,418.0,1
8.0,37.0,251.0,0
32.0,62.0,444.0,0
12.0,38.0,245.0,0
155.0,58.0,358.0,0
33.0,38.5,313.0,0
88.0,45.0,357.0,0
2.0,49.0,296.0,0
14.0,72.0,355.0,0
5.0,57.0,250.0,0
2.0,28.0,123.0,0
19.0,43.5,77.0,0
19.0,37.0,212.0,0
22.0,58.0,311.0,0
155.0,54.5,267.0,0
10.0,40.0,332.0,0
11.0,51.0,287.0,0
0.0,60.0,429.0,0
41.0,40.0,323.0,0
124.0,36.0,226.0,0
5.0,49.5,331.0,0
15.0,50.5,321.0,0
59.0,31.0,167.0,0
69.0,42.0,147.0,0
