var_name,split_list,sub_total_sample_num,positive_sample_num,negative_sample_num,sub_total_num_percentage,positive_rate_in_sub_total,woe_list,iv_list,iv
age,"(-INF,28.0]",2107,482.0,1625.0,0.2809333333333333,0.22876127195064072,0.17932979380690944,0.009523718980426218,0.014491164872402726
age,"(28.0,29.0]",448,89.0,359.0,0.05973333333333333,0.19866071428571427,-3.654512300924278e-05,7.97757724353786e-11,0.014491164872402726
age,"(29.0,30.0]",442,84.0,358.0,0.05893333333333333,0.19004524886877827,-0.055066647821726274,0.00017574511213080206,0.014491164872402726
age,"(30.0,31.0]",453,81.0,372.0,0.0604,0.17880794701986755,-0.12979510526098834,0.0009779246093838344,0.014491164872402726
age,"(31.0,32.0]",376,75.0,301.0,0.050133333333333335,0.19946808510638298,0.005027478483769178,1.2690676382308116e-06,0.014491164872402726
age,"(32.0,+INF)",3674,679.0,2995.0,0.4898666666666667,0.18481219379422972,-0.0894296405146921,0.003812507023047867,0.014491164872402726
xaccount_age,"(-INF,5.0]",1558,313.0,1245.0,0.20773333333333333,0.20089858793324775,0.013961249398578502,4.06610564941713e-05,0.012411695151056647
xaccount_age,"(5.0,7.0]",726,158.0,568.0,0.0968,0.21763085399449036,0.11512269975043336,0.001327499135857467,0.012411695151056647
xaccount_age,"(7.0,10.0]",911,194.0,717.0,0.12146666666666667,0.21295279912184412,0.08743132304723682,0.0009530213583176598,0.012411695151056647
xaccount_age,"(10.0,15.0]",1299,275.0,1024.0,0.1732,0.21170130869899922,0.07994818663691879,0.0011337542973793864,0.012411695151056647
xaccount_age,"(15.0,57.0]",1832,348.0,1484.0,0.24426666666666666,0.18995633187772926,-0.055645095392264976,0.0007436799813468789,0.012411695151056647
xaccount_age,"(57.0,69.0]",432,62.0,370.0,0.0576,0.14351851851851852,-0.39171864937173867,0.007816068433250258,0.012411695151056647
xaccount_age,"(69.0,+INF)",742,140.0,602.0,0.09893333333333333,0.18867924528301888,-0.0639658459372521,0.0003970108884108258,0.012411695151056647
cred_limit,"(-INF,3000.0]",956,138.0,818.0,0.12746666666666667,0.14435146443514643,-0.3849594204677566,0.016741496019531774,0.037361300054622355
cred_limit,"(3000.0,11500.0]",1897,334.0,1563.0,0.25293333333333334,0.17606747496046388,-0.14857247343339947,0.005334558758700034,0.037361300054622355
cred_limit,"(11500.0,19500.0]",967,201.0,766.0,0.12893333333333334,0.2078593588417787,0.056771733872252726,0.00042267330267080664,0.037361300054622355
cred_limit,"(19500.0,20000.0]",512,117.0,395.0,0.06826666666666667,0.228515625,0.17793740002234737,0.0022775536542302298,0.037361300054622355
cred_limit,"(20000.0,28500.0]",695,142.0,553.0,0.09266666666666666,0.20431654676258992,0.03511820806196863,0.00011549510333504808,0.037361300054622355
cred_limit,"(28500.0,48500.0]",1179,249.0,930.0,0.1572,0.21119592875318066,0.0769172329866238,0.000951623693081707,0.037361300054622355
cred_limit,"(48500.0,55000.0]",468,119.0,349.0,0.0624,0.25427350427350426,0.3187007533017217,0.00694638210166172,0.037361300054622355
cred_limit,"(55000.0,96500.0]",430,94.0,336.0,0.05733333333333333,0.2186046511627907,0.12083301710676639,0.0008676386801068494,0.037361300054622355
cred_limit,"(96500.0,+INF)",396,96.0,300.0,0.0528,0.24242424242424243,0.25521505373423,0.0037038787413041824,0.037361300054622355
this_bill_rate,"(-INF,0.02837716068]",795,31.0,764.0,0.106,0.0389937106918239,-1.8099288611804207,0.19242447757082426,0.4117258794968444
this_bill_rate,"(0.02837716068,0.0809579]",705,56.0,649.0,0.094,0.07943262411347518,-1.055430765749694,0.07430522386762427,0.4117258794968444
this_bill_rate,"(0.0809579,0.1509245332]",730,117.0,613.0,0.09733333333333333,0.16027397260273973,-0.261541680980341,0.006139202350135439,0.4117258794968444
this_bill_rate,"(0.1509245332,0.33758568656]",1266,355.0,911.0,0.1688,0.2804107424960506,0.45222369272582896,0.039196210538497187,0.4117258794968444
this_bill_rate,"(0.33758568656,0.45]",558,190.0,368.0,0.0744,0.34050179211469533,0.7335900171578612,0.04862641614839374,0.4117258794968444
this_bill_rate,"(0.45,0.5409579999999999]",436,123.0,313.0,0.058133333333333335,0.28211009174311924,0.4606302869410455,0.014035643982581983,0.4117258794968444
this_bill_rate,"(0.5409579999999999,0.64527764896]",421,91.0,330.0,0.056133333333333334,0.2161520190023753,0.10641627651631054,0.0006560978600121157,0.4117258794968444
this_bill_rate,"(0.64527764896,0.7764949999999999]",474,110.0,364.0,0.0632,0.2320675105485232,0.19797576111068316,0.0026251249438102673,0.4117258794968444
this_bill_rate,"(0.7764949999999999,0.9437]",676,170.0,506.0,0.09013333333333333,0.2514792899408284,0.30391078695922674,0.009087236003068518,0.4117258794968444
this_bill_rate,"(0.9437,0.9958109934]",535,93.0,442.0,0.07133333333333333,0.17383177570093458,-0.16406091131077286,0.0018256592096602517,0.4117258794968444
this_bill_rate,"(0.9958109934,1.00978266658]",515,62.0,453.0,0.06866666666666667,0.1203883495145631,-0.5941077196967963,0.020059207865373928,0.4117258794968444
this_bill_rate,"(1.00978266658,+INF)",389,92.0,297.0,0.051866666666666665,0.2365038560411311,0.22270581709174028,0.002745379156862338,0.4117258794968444
this_bill_mp,"(-INF,517.8770000000002]",750,16.0,734.0,0.1,0.021333333333333333,-2.4312655640442897,0.2708222650394917,0.3066557486945007
this_bill_mp,"(517.8770000000002,1086.1223]",668,150.0,518.0,0.08906666666666667,0.2245508982035928,0.1553091540427911,0.0022491106875572905,0.3066557486945007
this_bill_mp,"(1086.1223,1640.4917999999998]",510,100.0,410.0,0.068,0.19607843137254902,-0.01633758902342284,1.806103326018669e-05,0.3066557486945007
this_bill_mp,"(1640.4917999999998,1900.0]",452,78.0,374.0,0.06026666666666667,0.17256637168141592,-0.1728973274643747,0.0017083247590096863,0.3066557486945007
this_bill_mp,"(1900.0,2596.96]",379,97.0,282.0,0.05053333333333333,0.2559366754617414,0.32745321247245507,0.005952747263201487,0.3066557486945007
this_bill_mp,"(2596.96,3509.5075]",462,110.0,352.0,0.0616,0.23809523809523808,0.23149844378369486,0.003531856528495573,0.3066557486945007
this_bill_mp,"(3509.5075,4975.714400000001]",664,150.0,514.0,0.08853333333333334,0.22590361445783133,0.16306112934477332,0.0024698975184486173,0.3066557486945007
this_bill_mp,"(4975.714400000001,6991.1764]",565,108.0,457.0,0.07533333333333334,0.1911504424778761,-0.047902828073095934,0.00017037414399377008,0.3066557486945007
this_bill_mp,"(6991.1764,8758.67]",388,96.0,292.0,0.05173333333333333,0.24742268041237114,0.2822437169897322,0.004471838450531361,0.3066557486945007
this_bill_mp,"(8758.67,10450.0]",404,77.0,327.0,0.05386666666666667,0.1905940594059406,-0.05150512756371646,0.00014068187694902718,0.3066557486945007
this_bill_mp,"(10450.0,14202.056399999998]",500,120.0,380.0,0.06666666666666667,0.24,0.24196968882648895,0.004188255719037079,0.3066557486945007
this_bill_mp,"(14202.056399999998,17733.3004]",382,70.0,312.0,0.05093333333333333,0.18324607329842932,-0.09985820911273574,0.0004926565950139182,0.3066557486945007
this_bill_mp,"(17733.3004,22508.99080000002]",431,87.0,344.0,0.057466666666666666,0.20185614849187936,0.019915948597928477,2.293073424085244e-05,0.3066557486945007
this_bill_mp,"(22508.99080000002,33143.476800000004]",444,102.0,342.0,0.0592,0.22972972972972974,0.1848113928054727,0.0021348059728805084,0.3066557486945007
this_bill_mp,"(33143.476800000004,+INF)",501,129.0,372.0,0.0668,0.25748502994011974,0.33556768505460377,0.0082819423723896,0.3066557486945007
last_mp_days,"(-INF,60.0]",931,564.0,367.0,0.12413333333333333,0.6058002148227712,1.824340936858659,0.5791528083298829,0.9601405545822382
last_mp_days,"(60.0,211.0]",722,263.0,459.0,0.09626666666666667,0.36426592797783935,0.8377526130701324,0.08389037307579426,0.9601405545822382
last_mp_days,"(211.0,364.0]",414,77.0,337.0,0.0552,0.1859903381642512,-0.08162787794433493,0.0003587797049758442,0.9601405545822382
last_mp_days,"(364.0,+INF)",5433,586.0,4847.0,0.7244,0.10785937787594331,-0.7181466676614835,0.29673859347158515,0.9601405545822382
six_bill_num,"(-INF,1.0]",413,116.0,297.0,0.05506666666666667,0.28087167070217917,0.4545072062617276,0.012923804326980867,0.01843288211822203
six_bill_num,"(1.0,5.0]",1476,255.0,1221.0,0.1968,0.17276422764227642,-0.17151299010582283,0.005491915851553019,0.01843288211822203
six_bill_num,"(5.0,6.0]",5611,1119.0,4492.0,0.7481333333333333,0.19942969167706293,0.004786088147042327,1.7161939688145175e-05,0.01843288211822203
six_bill_avg_amt,"(-INF,1072.0240000000003]",709,116.0,593.0,0.09453333333333333,0.16361071932299012,-0.23695488586706825,0.0049325679986232975,0.0562241500659432
six_bill_avg_amt,"(1072.0240000000003,1442.44]",390,49.0,341.0,0.052,0.12564102564102564,-0.5454118030239866,0.013009605311035139,0.0562241500659432
six_bill_avg_amt,"(1442.44,1887.3436]",476,67.0,409.0,0.06346666666666667,0.1407563025210084,-0.41437266002463513,0.009566518491222763,0.0562241500659432
six_bill_avg_amt,"(1887.3436,2424.0985]",482,106.0,376.0,0.06426666666666667,0.21991701244813278,0.12849925675029114,0.0011023429614201638,0.0562241500659432
six_bill_avg_amt,"(2424.0985,3301.08]",588,121.0,467.0,0.0784,0.20578231292517007,0.04411052883079243,0.0001545755209627468,0.0562241500659432
six_bill_avg_amt,"(3301.08,4514.5235999999995]",674,165.0,509.0,0.08986666666666666,0.24480712166172106,0.2681464955365938,0.006984177357778549,0.0562241500659432
six_bill_avg_amt,"(4514.5235999999995,5395.2788]",396,86.0,310.0,0.0528,0.21717171717171718,0.11242446757349293,0.0006900020719046021,0.0562241500659432
six_bill_avg_amt,"(5395.2788,6476.382]",414,67.0,347.0,0.0552,0.16183574879227053,-0.2499823276143415,0.003192427162108343,0.0562241500659432
six_bill_avg_amt,"(6476.382,7728.0]",382,86.0,296.0,0.05093333333333333,0.225130890052356,0.15863729547143665,0.00134316982285697,0.0562241500659432
six_bill_avg_amt,"(7728.0,9980.1204]",595,119.0,476.0,0.07933333333333334,0.2,0.00835489772162778,5.551755782583358e-06,0.0562241500659432
six_bill_avg_amt,"(9980.1204,11901.554]",380,68.0,312.0,0.050666666666666665,0.17894736842105263,-0.12884570396924228,0.0008086154311955704,0.0562241500659432
six_bill_avg_amt,"(11901.554,15593.36]",549,120.0,429.0,0.0732,0.2185792349726776,0.12068405267655775,0.0011049749330693571,0.0562241500659432
six_bill_avg_amt,"(15593.36,23176.999600000003]",635,112.0,523.0,0.08466666666666667,0.1763779527559055,-0.14643326252790623,0.0017357898613611072,0.0562241500659432
six_bill_avg_amt,"(23176.999600000003,32816.2388]",382,102.0,280.0,0.05093333333333333,0.2670157068062827,0.384832461953653,0.008415288461516842,0.0562241500659432
six_bill_avg_amt,"(32816.2388,+INF)",448,106.0,342.0,0.05973333333333333,0.23660714285714285,0.22327763663737382,0.0031785429251051586,0.0562241500659432
six_cycle_mp_num,"(-INF,0.0]",6037,723.0,5314.0,0.8049333333333333,0.1197614709292695,-0.6000421560768848,0.23939165561267092,0.9801964062518462
six_cycle_mp_num,"(0.0,1.0]",838,321.0,517.0,0.11173333333333334,0.383054892601432,0.9180469953141873,0.11880721357993358,0.9801964062518462
six_cycle_mp_num,"(1.0,+INF)",625,446.0,179.0,0.08333333333333333,0.7136,2.307581440325217,0.6219975370592418,0.9801964062518462
six_cycle_mp_avg_amt,"(-INF,0.0]",6037,723.0,5314.0,0.8049333333333333,0.1197614709292695,-0.6000421560768848,0.23939165561267092,0.8709748576044183
six_cycle_mp_avg_amt,"(0.0,8126.14306648]",907,536.0,371.0,0.12093333333333334,0.5909592061742006,1.7625806440785192,0.5252510498224507,0.8709748576044183
six_cycle_mp_avg_amt,"(8126.14306648,+INF)",556,231.0,325.0,0.07413333333333333,0.4154676258992806,1.0532412819898833,0.10633215216929653,0.8709748576044183
six_bill_avg_debt_rate,"(-INF,0.110875714]",657,83.0,574.0,0.0876,0.1263318112633181,-0.5391391293306814,0.021459214081279335,0.057358949121602776
six_bill_avg_debt_rate,"(0.110875714,0.20280109306000002]",740,128.0,612.0,0.09866666666666667,0.17297297297297298,-0.1700527721519451,0.0027079530139939426,0.057358949121602776
six_bill_avg_debt_rate,"(0.20280109306000002,0.25566524157000003]",382,79.0,303.0,0.05093333333333333,0.20680628272251309,0.050364611336435695,0.0001311600912539509,0.057358949121602776
six_bill_avg_debt_rate,"(0.25566524157000003,0.31398646425]",381,62.0,319.0,0.0508,0.16272965879265092,-0.24340678972765392,0.002791246492675943,0.057358949121602776
six_bill_avg_debt_rate,"(0.31398646425,0.39592249]",465,82.0,383.0,0.062,0.17634408602150536,-0.14666615491176446,0.0012750442625577994,0.057358949121602776
six_bill_avg_debt_rate,"(0.39592249,0.4847806116000001]",448,89.0,359.0,0.05973333333333333,0.19866071428571427,-3.654512300924278e-05,7.97757724353786e-11,0.057358949121602776
six_bill_avg_debt_rate,"(0.4847806116000001,0.57842879796]",381,70.0,311.0,0.0508,0.1837270341207349,-0.09664793451307503,0.0004607373214102632,0.057358949121602776
six_bill_avg_debt_rate,"(0.57842879796,0.7461264146]",567,148.0,419.0,0.0756,0.26102292768959434,0.3539904194437173,0.010482283389826815,0.057358949121602776
six_bill_avg_debt_rate,"(0.7461264146,0.9053417417599999]",425,77.0,348.0,0.056666666666666664,0.1811764705882353,-0.11374741798686713,0.0007081449417564583,0.057358949121602776
six_bill_avg_debt_rate,"(0.9053417417599999,1.07659016]",388,91.0,297.0,0.05173333333333333,0.2345360824742268,0.21177675850411415,0.0024685204497821626,0.057358949121602776
six_bill_avg_debt_rate,"(1.07659016,1.32642864752]",474,86.0,388.0,0.0632,0.18143459915611815,-0.11200850972192122,0.0007662386713105117,0.057358949121602776
six_bill_avg_debt_rate,"(1.32642864752,1.8332018552]",711,164.0,547.0,0.0948,0.23066104078762306,0.19006668093253765,0.0036211864279936186,0.057358949121602776
six_bill_avg_debt_rate,"(1.8332018552,2.5145979334599993]",582,147.0,435.0,0.0776,0.25257731958762886,0.30973563466664705,0.00813935717319705,0.057358949121602776
six_bill_avg_debt_rate,"(2.5145979334599993,3.36519696584]",414,75.0,339.0,0.0552,0.18115942028985507,-0.11386232690715416,0.0006911863476868682,0.057358949121602776
six_bill_avg_debt_rate,"(3.36519696584,+INF)",485,109.0,376.0,0.06466666666666666,0.22474226804123712,0.15640801890235814,0.0016566763771022827,0.057358949121602776
six_bill_low_repay_num,"(-INF,0.0]",4628,710.0,3918.0,0.6170666666666667,0.15341400172860847,-0.3134228845575421,0.05497542703604496,0.12990064581767394
six_bill_low_repay_num,"(0.0,1.0]",1124,303.0,821.0,0.14986666666666668,0.2695729537366548,0.3978585328769661,0.026557096033895927,0.12990064581767394
six_bill_low_repay_num,"(1.0,2.0]",549,167.0,382.0,0.0732,0.30418943533697634,0.5672221694220739,0.027521537568997702,0.12990064581767394
six_bill_low_repay_num,"(2.0,3.0]",411,111.0,300.0,0.0548,0.27007299270072993,0.40039692281309897,0.009841712097265221,0.12990064581767394
six_bill_low_repay_num,"(3.0,+INF)",788,199.0,589.0,0.10506666666666667,0.25253807106598986,0.30952760239581817,0.011004873081470133,0.12990064581767394
epp_nbr_12m,"(-INF,0.0]",4801,491.0,4310.0,0.6401333333333333,0.1022703603415955,-0.7776002462494134,0.30140396065326697,0.8323464297506061
epp_nbr_12m,"(0.0,1.0]",1092,241.0,851.0,0.1456,0.2206959706959707,0.13303373093589624,0.0026803209267217687,0.8323464297506061
epp_nbr_12m,"(1.0,2.0]",465,143.0,322.0,0.062,0.30752688172043013,0.5829421020467442,0.02471431646717178,0.8323464297506061
epp_nbr_12m,"(2.0,+INF)",1142,615.0,527.0,0.15226666666666666,0.5385288966725044,1.5490703207032142,0.5035478317034456,0.8323464297506061
alop_nbr_12m,"(-INF,0.0]",6276,1111.0,5165.0,0.8368,0.17702358189929893,-0.14199589267644766,0.016153930420558668,0.08359841309536883
alop_nbr_12m,"(0.0,+INF)",1224,379.0,845.0,0.1632,0.309640522875817,0.5928483518240205,0.06744448267481017,0.08359841309536883
epp_avg_amt_12m,"(-INF,0.0]",4801,491.0,4310.0,0.6401333333333333,0.1022703603415955,-0.7776002462494134,0.30140396065326697,0.689080025085906
epp_avg_amt_12m,"(0.0,416.67]",611,166.0,445.0,0.08146666666666667,0.27168576104746317,0.40856251247043274,0.015266422513706142,0.689080025085906
epp_avg_amt_12m,"(416.67,833.33]",463,144.0,319.0,0.061733333333333335,0.31101511879049676,0.5992712063455332,0.02610793494088914,0.689080025085906
epp_avg_amt_12m,"(833.33,1315.65]",410,146.0,264.0,0.05466666666666667,0.35609756097560974,0.8023064532952341,0.04337255767040835,0.689080025085906
epp_avg_amt_12m,"(1315.65,3733.1756]",802,339.0,463.0,0.10693333333333334,0.4226932668329177,1.0829217608864738,0.1629565065729798,0.689080025085906
epp_avg_amt_12m,"(3733.1756,+INF)",413,204.0,209.0,0.05506666666666667,0.4939467312348668,1.370434382196327,0.1399726427346556,0.689080025085906
alop_avg_amt_12m,"(-INF,0.0]",6276,1111.0,5165.0,0.8368,0.17702358189929893,-0.14199589267644766,0.016153930420558668,0.08359841309536883
alop_avg_amt_12m,"(0.0,+INF)",1224,379.0,845.0,0.1632,0.309640522875817,0.5928483518240205,0.06744448267481017,0.08359841309536883
consume_num_session12,"(-INF,37.0]",4608,858.0,3750.0,0.6144,0.18619791666666666,-0.08025830100330245,0.003862116918289548,0.02803596252504573
consume_num_session12,"(37.0,53.0]",697,162.0,535.0,0.09293333333333334,0.23242467718794835,0.19997864729401574,0.003940895183455264,0.02803596252504573
consume_num_session12,"(53.0,68.0]",449,84.0,365.0,0.059866666666666665,0.1870824053452116,-0.07443100964651274,0.00032423813146926253,0.02803596252504573
consume_num_session12,"(68.0,92.0]",488,131.0,357.0,0.06506666666666666,0.26844262295081966,0.3921106532577427,0.011182413635325647,0.02803596252504573
consume_num_session12,"(92.0,130.0]",389,82.0,307.0,0.051866666666666665,0.21079691516709512,0.07452102204541022,0.00029451279787479924,0.02803596252504573
consume_num_session12,"(130.0,255.0]",486,115.0,371.0,0.0648,0.2366255144032922,0.22337929436866008,0.0034513908738555295,0.02803596252504573
consume_num_session12,"(255.0,+INF)",383,58.0,325.0,0.05106666666666667,0.1514360313315927,-0.3287321267493852,0.004980394984775685,0.02803596252504573
consume_num_session6,"(-INF,43.0]",5877,1143.0,4734.0,0.7836,0.19448698315467075,-0.026465431324095387,0.0005444744721284603,0.01195648122859614
consume_num_session6,"(43.0,76.0]",742,184.0,558.0,0.09893333333333333,0.24797843665768193,0.285225788084083,0.008740665969255972,0.01195648122859614
consume_num_session6,"(76.0,139.1300000000001]",458,93.0,365.0,0.061066666666666665,0.20305676855895197,0.02735156945618687,4.6061265933588733e-05,0.01195648122859614
consume_num_session6,"(139.1300000000001,+INF)",423,70.0,353.0,0.0564,0.16548463356973994,-0.22332304100985997,0.002625279521278117,0.01195648122859614
consume_num_session3,"(-INF,0.0]",521,8.0,513.0,0.06946666666666666,0.015355086372360844,-2.766173369911064,0.22126222211562752,0.24693118611822262
consume_num_session3,"(0.0,1.0]",406,66.0,340.0,0.05413333333333333,0.1625615763546798,-0.2446410259612694,0.003003464451466594,0.24693118611822262
consume_num_session3,"(1.0,2.0]",474,83.0,391.0,0.0632,0.1751054852320675,-0.15521737453491102,0.0014518238207898296,0.24693118611822262
consume_num_session3,"(2.0,3.0]",636,132.0,504.0,0.0848,0.20754716981132076,0.054874842267542634,0.0002595811367945836,0.24693118611822262
consume_num_session3,"(3.0,4.0]",486,98.0,388.0,0.0648,0.20164609053497942,0.018611530312764028,2.2571958548763094e-05,0.24693118611822262
consume_num_session3,"(4.0,5.0]",395,97.0,298.0,0.05266666666666667,0.24556962025316456,0.27226681594461705,0.004224681139946326,0.24693118611822262
consume_num_session3,"(5.0,40.0]",3599,816.0,2783.0,0.47986666666666666,0.22672964712420116,0.1677783086445304,0.014192282085890498,0.24693118611822262
consume_num_session3,"(40.0,72.15999999999985]",495,106.0,389.0,0.066,0.21414141414141413,0.09450906540977509,0.000606325980847262,0.24693118611822262
consume_num_session3,"(72.15999999999985,+INF)",488,84.0,404.0,0.06506666666666666,0.1721311475409836,-0.17594850757732783,0.0019082334283112756,0.24693118611822262
consume_num_session,"(-INF,0.0]",997,38.0,959.0,0.13293333333333332,0.03811434302908726,-1.8336537592671005,0.24582692367323286,0.275116559269735
consume_num_session,"(0.0,1.0]",1509,314.0,1195.0,0.2012,0.20808482438701126,0.058140384921672734,0.0006920468021144923,0.275116559269735
consume_num_session,"(1.0,2.0]",967,229.0,738.0,0.12893333333333334,0.23681489141675285,0.22442710872329721,0.00693389648254339,0.275116559269735
consume_num_session,"(2.0,3.0]",693,147.0,546.0,0.0924,0.21212121212121213,0.08246273674529081,0.0006439665941278185,0.275116559269735
consume_num_session,"(3.0,4.0]",499,114.0,385.0,0.06653333333333333,0.22845691382765532,0.17760436014883152,0.0022112128991015,0.275116559269735
consume_num_session,"(4.0,5.0]",376,84.0,292.0,0.050133333333333335,0.22340425531914893,0.1487124731745676,0.001158499742788386,0.275116559269735
consume_num_session,"(5.0,8.0]",704,164.0,540.0,0.09386666666666667,0.23295454545454544,0.20294634142637058,0.004102948931152382,0.275116559269735
consume_num_session,"(8.0,34.0]",1367,331.0,1036.0,0.18226666666666666,0.2421360643745428,0.25364478673704904,0.012623478403169686,0.275116559269735
consume_num_session,"(34.0,+INF)",388,69.0,319.0,0.05173333333333333,0.17783505154639176,-0.13643483380309912,0.000923585741504537,0.275116559269735
consume_amt_session12,"(-INF,+INF)",7500,1490.0,6010.0,1.0,0.19866666666666666,5.04751565573161e-08,2.54774153861534e-15,2.54774153861534e-15
consume_amt_session6,"(-INF,100.0]",376,2.0,374.0,0.050133333333333335,0.005319148936170213,-3.83641025689444,0.2335886044971678,0.2890598287125669
consume_amt_session6,"(100.0,1999.4146]",428,61.0,367.0,0.05706666666666667,0.1425233644859813,-0.3998379884281189,0.008046837100106624,0.2890598287125669
consume_amt_session6,"(1999.4146,3518.4121]",377,85.0,292.0,0.05026666666666667,0.22546419098143236,0.16054691681598468,0.0013584420210559103,0.2890598287125669
consume_amt_session6,"(3518.4121,5400.5929]",459,87.0,372.0,0.0612,0.1895424836601307,-0.0583362264213558,0.0002046158532111405,0.2890598287125669
consume_amt_session6,"(5400.5929,7591.350399999999]",441,96.0,345.0,0.0588,0.21768707482993196,0.11545315483731865,0.0008110878017221527,0.2890598287125669
consume_amt_session6,"(7591.350399999999,10217.641599999999]",459,83.0,376.0,0.0612,0.18082788671023964,-0.11609896814240811,0.0007961658038494762,0.2890598287125669
consume_amt_session6,"(10217.641599999999,13746.377999999999]",478,96.0,382.0,0.06373333333333334,0.200836820083682,0.013576991337063317,1.1796349417909492e-05,0.2890598287125669
consume_amt_session6,"(13746.377999999999,16968.08]",418,111.0,307.0,0.055733333333333336,0.26555023923444976,0.3773316574825345,0.008835282637979992,0.2890598287125669
consume_amt_session6,"(16968.08,21129.120000000003]",417,82.0,335.0,0.0556,0.19664268585131894,-0.012761734967031353,9.020314468849705e-06,0.2890598287125669
consume_amt_session6,"(21129.120000000003,26213.4532]",401,112.0,289.0,0.05346666666666667,0.2793017456359102,0.44672135860845374,0.012097801046822433,0.2890598287125669
consume_amt_session6,"(26213.4532,33577.023]",434,103.0,331.0,0.057866666666666663,0.23732718894009217,0.22725991020087868,0.0031936135323853997,0.2890598287125669
consume_amt_session6,"(33577.023,41803.7355]",439,87.0,352.0,0.05853333333333333,0.19817767653758542,-0.003073563020006778,5.524402518984799e-07,0.2890598287125669
consume_amt_session6,"(41803.7355,51242.7748]",389,65.0,324.0,0.051866666666666665,0.16709511568123395,-0.2117063874885163,0.0021775988185552125,0.2890598287125669
consume_amt_session6,"(51242.7748,63828.2776]",390,98.0,292.0,0.052,0.2512820512820513,0.3028629829339865,0.005205055329217391,0.2890598287125669
consume_amt_session6,"(63828.2776,84027.805]",385,54.0,331.0,0.051333333333333335,0.14025974025974025,-0.4184841504876607,0.007881401559471118,0.2890598287125669
consume_amt_session6,"(84027.805,110710.01960000001]",399,94.0,305.0,0.0532,0.23558897243107768,0.21763237021276358,0.0026852671670973,0.2890598287125669
consume_amt_session6,"(110710.01960000001,169764.5883]",413,82.0,331.0,0.05506666666666667,0.19854721549636803,-0.000749582126367584,3.093351970818283e-08,0.2890598287125669
consume_amt_session6,"(169764.5883,+INF)",397,92.0,305.0,0.05293333333333333,0.23173803526448364,0.19612618811850965,0.0021566555062665907,0.2890598287125669
consume_amt_session3,"(-INF,477.90279999999996]",675,11.0,664.0,0.09,0.016296296296296295,-2.7057293078229443,0.27896049765579584,0.3202409303514563
consume_amt_session3,"(477.90279999999996,1620.6680000000001]",478,80.0,398.0,0.06373333333333334,0.16736401673640167,-0.20977574327783868,0.0026288332747437817,0.3202409303514563
consume_amt_session3,"(1620.6680000000001,3000.0]",571,143.0,428.0,0.07613333333333333,0.2504378283712785,0.2983705289234813,0.0073872254107923176,0.3202409303514563
consume_amt_session3,"(3000.0,4531.5488000000005]",514,101.0,413.0,0.06853333333333333,0.19649805447470817,-0.013677699562226305,1.276835989458383e-05,0.3202409303514563
consume_amt_session3,"(4531.5488000000005,6317.280000000001]",535,112.0,423.0,0.07133333333333333,0.20934579439252338,0.06577597728871788,0.00031474727328761876,0.3202409303514563
consume_amt_session3,"(6317.280000000001,8997.05]",513,132.0,381.0,0.0684,0.2573099415204678,0.33465167115773187,0.008431987830782526,0.3202409303514563
consume_amt_session3,"(8997.05,11811.76]",481,97.0,384.0,0.06413333333333333,0.20166320166320167,0.018717825016075183,2.259636052671498e-05,0.3202409303514563
consume_amt_session3,"(11811.76,14662.16]",409,112.0,297.0,0.054533333333333336,0.27383863080684595,0.4194159172386076,0.010800043097303725,0.3202409303514563
consume_amt_session3,"(14662.16,29325.920800000007]",1293,286.0,1007.0,0.1724,0.2211910286156226,0.13590979703646613,0.003315150185697611,0.3202409303514563
consume_amt_session3,"(29325.920800000007,43033.479999999996]",675,143.0,532.0,0.09,0.21185185185185185,0.08085028083855901,0.0006026636579192123,0.3202409303514563
consume_amt_session3,"(43033.479999999996,57558.3806]",407,66.0,341.0,0.054266666666666664,0.16216216216216217,-0.24757788477206435,0.003080714669616322,0.3202409303514563
consume_amt_session3,"(57558.3806,96320.21000000002]",563,111.0,452.0,0.07506666666666667,0.19715808170515098,-0.009502670268567045,6.759172565166615e-06,0.3202409303514563
consume_amt_session3,"(96320.21000000002,+INF)",386,96.0,290.0,0.05146666666666667,0.24870466321243523,0.28911659391566236,0.004676943402530827,0.3202409303514563
consume_amt_session,"(-INF,296.32390000000083]",1275,58.0,1217.0,0.17,0.04549019607843137,-1.6490508118841798,0.26973460690084594,0.3421114823600036
consume_amt_session,"(296.32390000000083,978.4400000000002]",623,99.0,524.0,0.08306666666666666,0.15890850722311398,-0.2717223863358802,0.005636885380193839,0.3421114823600036
consume_amt_session,"(978.4400000000002,1430.4268000000002]",395,93.0,302.0,0.05266666666666667,0.23544303797468355,0.21682184851060107,0.0026379790280969674,0.3421114823600036
consume_amt_session,"(1430.4268000000002,2000.0]",503,105.0,398.0,0.06706666666666666,0.20874751491053678,0.06215767458708306,0.0002639766451680847,0.3421114823600036
consume_amt_session,"(2000.0,2830.0]",433,120.0,313.0,0.05773333333333333,0.27713625866050806,0.4359376946758606,0.012405520974895034,0.3421114823600036
consume_amt_session,"(2830.0,4001.1400000000003]",527,115.0,412.0,0.07026666666666667,0.21821631878557876,0.11855803444989428,0.001023019007490302,0.3421114823600036
consume_amt_session,"(4001.1400000000003,5841.063399999999]",601,167.0,434.0,0.08013333333333333,0.2778702163061564,0.4395982752935947,0.01752573216462347,0.3421114823600036
consume_amt_session,"(5841.063399999999,7821.0854]",460,100.0,360.0,0.06133333333333333,0.21739130434782608,0.11371550534944501,0.0008203411590283052,0.3421114823600036
consume_amt_session,"(7821.0854,10264.844]",519,125.0,394.0,0.0692,0.24084778420038536,0.24661200278672155,0.004521696077697919,0.3421114823600036
consume_amt_session,"(10264.844,14577.0]",484,135.0,349.0,0.06453333333333333,0.27892561983471076,0.4448519390333069,0.014472899193853653,0.3421114823600036
consume_amt_session,"(14577.0,19850.0]",522,95.0,427.0,0.0696,0.18199233716475097,-0.10825767459932022,0.0007891782225792241,0.3421114823600036
consume_amt_session,"(19850.0,29318.101200000005]",533,141.0,392.0,0.07106666666666667,0.26454033771106944,0.37214713329505256,0.010943469253826449,0.3421114823600036
consume_amt_session,"(29318.101200000005,+INF)",625,137.0,488.0,0.08333333333333333,0.2192,0.12431467357345534,0.0013361783517043778,0.3421114823600036
month_avg_use_year,"(-INF,+INF)",7500,1490.0,6010.0,1.0,0.19866666666666666,5.04751565573161e-08,2.54774153861534e-15,2.54774153861534e-15
month_avg_use_month6,"(-INF,+INF)",7500,1490.0,6010.0,1.0,0.19866666666666666,5.04751565573161e-08,2.54774153861534e-15,2.54774153861534e-15
month_avg_use_month3,"(-INF,0.005982840200000001]",600,11.0,589.0,0.08,0.018333333333333333,-2.5858733611749716,0.23433372385830442,0.39759609137488683
month_avg_use_month3,"(0.005982840200000001,0.0384]",407,53.0,354.0,0.054266666666666664,0.13022113022113022,-0.5043547666870669,0.011767257416115682,0.39759609137488683
month_avg_use_month3,"(0.0384,0.06807291565000001]",406,60.0,346.0,0.05413333333333333,0.1477832512315271,-0.3574442065978966,0.006184574233715252,0.39759609137488683
month_avg_use_month3,"(0.06807291565000001,0.10701234154]",483,130.0,353.0,0.0644,0.2691511387163561,0.39571550805642863,0.011283009250293982,0.39759609137488683
month_avg_use_month3,"(0.10701234154,0.183876]",699,216.0,483.0,0.0932,0.3090128755364807,0.5899106385448805,0.038108484955882975,0.39759609137488683
month_avg_use_month3,"(0.183876,0.2318152956]",377,130.0,247.0,0.05026666666666667,0.3448275862068966,0.7527951067896094,0.03474164692473731,0.39759609137488683
month_avg_use_month3,"(0.2318152956,0.28992390646]",434,116.0,318.0,0.057866666666666663,0.2672811059907834,0.38618798451917097,0.00963175457229904,0.39759609137488683
month_avg_use_month3,"(0.28992390646,0.338197939]",397,87.0,310.0,0.05293333333333333,0.21914357682619648,0.12398527660917402,0.0008441678138456462,0.39759609137488683
month_avg_use_month3,"(0.338197939,0.40779090604999996]",484,128.0,356.0,0.06453333333333333,0.2644628099173554,0.3717486620081931,0.009915087657531864,0.39759609137488683
month_avg_use_month3,"(0.40779090604999996,0.5020236126400001]",591,131.0,460.0,0.0788,0.22165820642978004,0.13862000827496596,0.001577552814609379,0.39759609137488683
month_avg_use_month3,"(0.5020236126400001,0.6470092482399998]",647,128.0,519.0,0.08626666666666667,0.19783616692426584,-0.005224402085036953,2.3508893424779933e-06,0.39759609137488683
month_avg_use_month3,"(0.6470092482399998,0.7450304168999999]",380,51.0,329.0,0.050666666666666665,0.13421052631578947,-0.4695818326202275,0.009632935085969402,0.39759609137488683
month_avg_use_month3,"(0.7450304168999999,0.88911996204]",441,89.0,352.0,0.0588,0.2018140589569161,0.01965466222779709,2.284938052895023e-05,0.39759609137488683
month_avg_use_month3,"(0.88911996204,0.99995112978]",681,82.0,599.0,0.0908,0.12041116005873716,-0.5938926696948904,0.026507576043380048,0.39759609137488683
month_avg_use_month3,"(0.99995112978,+INF)",473,78.0,395.0,0.06306666666666666,0.1649048625792812,-0.22752728073584613,0.0030431204783304532,0.39759609137488683
